"to","lamports"
"2VgeeCb4czYoa5KQjyAnDE8anNTY5XVpGUGhv2ZrT5BL",89637
"7XeaqmMP34EvRG2fHK2q5aYgC3WUbbtuL9adkg3PA42g",7892228
"2VPTK9zbTm2TrctUe6HkFUj4nr7PNzoEYkQ8PfRwC4Rr",616519
"GfWhW2MxWQTZagTJGFeSxrqsgadzdS1NUPujjePRqY98",4317718
"FREPfxf7W4LzPsZLgRXc3oWy7BtENmsPdPpa2JHPLJhX",587676
"sMmZnfsQRmsAwM9DeBQvjf7Q1wrfXdCojeMhnRVrwRj",7062916
"6vbPtHsEmKjf1FqbHmJcvvihLQYiEP1mycp38FjwxFiG",6231391
"7SYesKz6f9iX1FDYipD2GDyuz7aQ9WpvFj1WjieMCDHm",9398956
"4n993sbo818LpvP9AuhPHXxbpFtVSoSqjMfg9um3pBDg",9286667
"3SvxfQ2o8v7yBGz8PkFBumd4L3hAmd38bsdVjvD5Sztx",7536955
"CtHh2ZZzvDqoCGHXagoBt2YxjUK5XXWRMrnUvZxksKNL",4999535
"J3j4h2tKEFJATdrvDEBwjR6656o7ahVNPEwbsaWRghpD",9348177
"4MnuvZ7zYhyBABfzsSCpFvZBW7tUcyoyW28EQ7SYFTxn",5724745
"BwEjMmmca3sjCYGFnpm5hKBVwnNGuEn5aC5FALLMPqq7",6233522
"71XoZikGMpF8AEwVugyuPtvEoRDDjssGBFUYQnUDA8rZ",1029727
"BbsVrZszXxf23nEXfoJV1Xu5aaRb1ZuxrzdThjVXMQsq",6561927
"2WjzcyEUGEAvnjViu2JjpQiEx6897Es4wCu4YiWAhAVw",5628686
"3dNpRdzrmSgDMhi8JzW7u5ZUfEeZd8yUN42WoDpYZ5bX",6890060
"2s4WRRvK9v48TvBRxYYfbrNBELbkVu6jE6oPbDgKzV8a",669378
"4vqCAVC4EEa9tXCpDPn13E64tbniaQMzjmxRksSVmCNS",9323196
"7gg7L7AnN9ocqAkRgYqmA1F6meJ37m4yEbshMfsfHQYR",4551668
"4nPVSdxPFTZXYz5qdCjBi8MpZn3YEmJG38BoacQb5Y56",4051291
"GYogRB9LpASSfdBLJoKcPzS4RH8hXMUkr1L1k9rPAzMT",73274
"AEimTmwgPK1BZ6zhTZeGgswLTh6r4MTgG6keBAcAeMJB",8272633
"64ZxBP6nq9fNcg1L7GpLCM8L2f3hpjN8jCuwyYRhYSSP",7827090
"4xngd784HfkcKJiqQyXfA24iqh6sQNeacxyNjjZuDwZ6",4380341
"6p9uLFVkUPurcrWkSUPKfaQJaqyxWpduWBbbzMdjDHHb",9920158
"2rYamc6yXwcjV8R8k7bSeaLu5CxAwGQ8pcPcTeAD15uU",7661539
"EMwf4YBL3S5QhL9hDNEQU9rGMsKcs4W1aZvE2Hc2mjpY",5013502
"8sSJg5kMmTppErun8kAqbFb4CWHZsTJKxWQYJU9FuWVB",454160
"8kWnNentPwHi45D87DCj2UhqVoARSeFjULeo4WhDCbYd",5597695
"A4wjK8WSufjP674N6cqiCZHutPib34gjAxKG9qt1ZbAV",7903821
"Cj6fo1VQUpA8U8CA8xVoXw4dSYS9pb91TxuEbExD5XTp",8734409
"BSPV7VFCxUZ6XZ6TiwocHhUJA6iQ3zxaLgNNhouMC25X",1961336
"5eYUNbGnKhgG2VTdySCCgdminP6wgomKMaPGGzAQuaYS",1462794
"9jvMnJk8hNDKa915xA4tR76ZxMqg9fVrVkQfHBsFBBSJ",1297505
"49P4rvNXK8zXduXLVmtTfePWgwxoqYJQ9uY7JPQ8MkbD",2651197
"o2QEdXJQNTuQs7K2Ga7fingUH1mqhNmTxdtrmJvCy6J",8354607
"5TM3obwCjUngMsbAWTDweMJLbSchYpxtfZ63LDAHR8Q",3159771
"H6LgDCzeGBNjZ8CxpcNzHnZW1TabsEeyCC7ckkvntnnJ",7082946
"DFpoYFTg6bg6ohwsTLYSBWgpGuqQLscFP7oUgmwLo7kC",1076149
"CGe2hiYuMwSHGH3U7MBHMiXQTdRXe6XnJu9gJNsArbcd",4618112
"EwbUGJcTWmyHi9MFjAKUG3vErb1bxAN5BXxBzzzgzEay",6005039
"D3vK2R6EA7Fjn54EtgxUXwnDqiJ3u2u1kmMWcZdqw3aF",635932
"8XQdD1pexUW774CxxiVpV8hb3DSeBkURnKtKqFRmLKFA",5861388
"HMrnPMWm8yALRSpcHJiQiLiQi2QPuXfEurCdSKKaQwvK",6107902
"4Hbzr7D21hUmCW1TobjPVX5ndp9zk7i3ai1tj9JrMQVB",1102594
"6yHXKDFjdMdtD3pFFM8iyd5URKygKEovmbWU64KN3zUe",6993726
"5UuTGwrrqKqxsWM2yQdo9Ja12yhe66tFkPyCpqGEs74R",3967501
"72w3Jmi9Byg5682hA7RxYVe32UDGAmsyQJvTPRDgrodt",7582043
"6Hj5wgm118ewcmVfA9Gb8uoko2VDZ9DddCa89o75RnK",117085
"DYNtFJ2UPX8a6vTHqgrBxS3LYptHrzjgTTYPJwuQNZBp",8490113
"7Jxw99r9aqL3wCxJDH3tkgnHPmu4dXjkKt9tvwenQ8rw",8819293
"G9h6tf1R9tPqzUzb4ZtwXuPcm13k53qppzXSKUUhQiV4",2161711
"BsVt4KD81cuXLmbCC8VWRRFcvNhF4yKJegbntDzWKJMA",1078074
"BRCwm6E8MSGi1W2NwpC7o6C7SKstecXtqjKNM389wNsw",3619385
"BBjdDJvveZrxKxUJeoz1zER7sUXjG5tZEj1dJTwg51ce",2636561
"B59WyDyDpBBubRxyRdBhzaL5yP3wzSDrQiddV1LCUurG",5819758
"EKzByHinqenfazR4n2QHVtXKduHA27YpW3g51Gpo7UBm",4607400
"BWsvsuKvnidwYg5EeNh4EmKJshkkXUg481bw2mFueq8j",6554389
"51gAX2oRM4aHyLRxN88LpAFBxTbiGAN7tWZ5V12vEs8F",3189182
"AwSRQ8qWz36oHMpdzHVQ2yzbJgKeH8UEv5dzKyf77bX",3381363
"Dv9fu9UjfhL1v5GRsWSoV8MrKzTexTSjVAKiPrNTYAKP",4756593
"4AErqhQNABPF6n2KTTHA7Mu5JjkMxwM7GmG8u9jBYWwj",6696199
"wRCMHUZbPZnsM84Q8G63tEEJKcoAe9kj84FUDMkECXP",3618743
"BskMaEb4e34yferMv79ihDvoJmU2rwdd8C2ba4NrSDUV",1457923
"Fv8m5tDn1TpEBWyyVkpoHUifS4owkYWAv7LGXdJpWirz",9862907
"7FBs1MijGCbigvm56479RoQdFeSd5kY4xP7SSLyYjiKc",17967
"5aCE4DAxfJF12D1NTi8NUFLTcWaWEckBoRr21iTtaibD",6351423
"CJhQYEc36ULRpggYPpoqvQDNJ2nC6DhXfDn7dQTL3jSR",7233481
"8KdyzfTAB2VmbcajF1jHB97pHQkAkh9tcLM1xAJkUcme",8421580
"JDy9nenLy9Lq2G3DeN4Z1853g1b3MPeckAEUyaPai9fX",1127439
"4snHtnyFnpzMcqxpvnjchHQJYQW4vgrC2V499p2kCM7f",5602327
"BwETAZH8X4z85Qat5sstNDJqA5HbyqGPyoZPp2kv8zxH",3745348
"9xEq1qkMXmFfLi8cwwVxA2RyAhsrpoVVQHocJffhDP5N",1857093
"CBQVkCaVd6YQgX3NfpAaBeQ6eiy7EAW9M33Gjy2HvN3Y",2652254
"2c2JpULR8eFa7pdXFK3TYavizqcNkh3Lup1YqMW5CNhm",2357175
"C81Wiz9dCgF6fs7aQhVWYmo7bW1cqZGVFJGidnurFWRh",5153137
"C5USyPNsj2fCMfCFSca9qTpF4fiw6p5bhR6qdSugDKvc",2984288
"FRGuKXTGRKX5KsMn19DYHZhnVFh3TDsyNzjrSEnvEYx2",7571185
"6ZCeqTMcYSyueotPtKb1vGWawEHMFabeTxVP6vn9pr2V",1934015
"EUFCaeUjkULcLTC5JSZKm4zKFbTp7bHjbSMmWATWoDne",6778725
"94Ypy1EMAoR7Y4wesGmjdPSQg1NGWyo5fdqtgmHcHXBX",9043386
"3nfqK4KHcE5k8MGoeeGZfVc3iYX3okBAfZXfffMftqqc",3628778
"F8wyRdMJG1vQxddZZHy7A6EDCu7NiNvAwE44nkkscNXQ",9256537
"2Hb3LNBaV5mGMsCZNWTPDL2RFM6vVs5KdfxWj33JMJe7",9776214
"7qx4ZJPdecQyoqPevwMC3s7q5p9GVQRdUhYVhpLseXGv",6409786
"AwGRJxi3VzoDQQipqufaTyoaDm3iUEHBAxHUsa3uNENm",7659732
"Bia7fyRYNgttJqoKDMtRuqBcfDodiBSSvDXDUwo9QM9U",5992488
"HfBDK3DAk989QKsYuQbfo3ftic6sg7SU8NTc6hHRHr2X",2968993
"3raJCUpiu82LX6tqDqQZGeHdLrt9mnDUf1LyicV1Nx1H",8921647
"GNDa1VQ4XFNUJWL5w536cjjxsHxdpFCVeqFxrKsfhnqd",8209279
"77ZM8mELiYZVsCq1vH1LzDV7PhGtXdvDSNE1PA2F1gYw",8948436
"DwYaaREr3qj5AFbtE8RKrxyC5DFR5jdLCYBYMbEyVhWS",2178369
"6ZkK4KJNcNntEFVJyYjLTomdzbAjRA9iR6KEbAeAoFqb",1760643
"HeNXewTZqQeg9sXzdYcDt5BcGbuZSM4saWABVha8v9em",6342348
"29e2caeTFXdJih4j6P74Hy9MJTH24yjHSig7vr7QrrDN",1835623
"6aWjhXq3w3UWbxSbKwpyLLkvcS4RWXmeiePtULMWMah6",2936356
"EtrWKcWeXKAL2tw84HUiDHfuPB3cRc2ZxESTwVy6i3uK",2718002
"BwXQKvo5D3HmDvocbnFCe3SUMckLVhpHdwHXUfAAtJjw",9275479
"DrWqmwcLGUQe6et2RnPfzNqGqK8Ay7BWigRxMkuBfESa",3159208
"6Bg4HHSyxDSxQBoPGLVFRpGi8wnEvTkbGrkNQ9pwWEeW",7721558
"DnMa51G3zedTQPB1eTeWjeSubLi21utisfsdfnshkaCF",6489638
"84zD1nQ9LaBRn6R24BJ4pYDqt4pt4ptELfArrsir9vit",8030578
"GnFQs26awGE5GKoZSZgum5wcmnUy2CRc8vNE5shSuqxw",6092461
"m81HFg6bFfrzPcYwsXEY31Z35UnquBATP7yy3i5fUsU",7135357
"7aVPqh1Qha1awKyYNtMZPPhyRG9kHtL8ES49Jp8N5EzC",9020783
"Az7phXzwzvkqGq81wtvPqKhzceTZx9eKNdYmVaB9mUm6",7760830
"BcUGMXqKAw5gKSgThqQGM128mV2qVXXHJuUZUjmNZUAG",643004
"GSURSDs664VmEjsdggf6GQtSC72y4YKSCei4vGiCq8UL",2971002
"C9BmPmYGueybhBCzP6Cp7DR445S1xoYo2umyr3yCCKvU",3386911
"CuFRrgJpA4QYkgRZnZqFE1GCRAxxo1FMfaM3yHnj7ChN",4087447
"3LjUeG7mRxAt118iidjvVBkvc9DjukUGSKsRrNibQXBx",8146421
"9Ebj3yqvzMxd3F7ePoLsqg9qkiWxqa19riJDcexo8HqR",20328
"4QpzzU8H1qZ6oXzMBckpCbAhqSMVpjahwknvtkkuHpWz",1377632
"79L1gfNBH22bEx9eXiXthyawJg4zEAQVbHY9XY9KNmQb",7769005
"9WC7uzNcnnyLfTV5BYdZJbdojXhs6GBRtGstvGsDxXWb",5013307
"5rsKAgx5UQvg3R5yJmw1dkyKsg2FJ5xCLBP3whPEeCzU",1559287
"2hyYHzJHWeXR49ryoFm7sPXoZ7AVNFeYsxLtF9i8H4DG",9658154
"4eRJssWZQx4KzgeVKNayBneWLXcXr9gjVHcP9k2EF5hj",3673954
"8S2ngkPH8YQ4ZpPk7KPtxdXq31oW2J3LqXFRGeFnnLQx",2872705
"DV1R9BnXRM9bvV73gkjnCkReGGkXKco5AqPpq6bnzmEs",1485437
"5VW8mAk2QMndNhaLvDXnUm5DFCk7NQM2etKySPeg9y6U",2945869
"H5xJGziycG4ut6iQiV4q3j8h4c859ipvDH69KSPRe427",5219840
"8WSYqzzyndUqs3BZTYL3KapGXUesQMLrcYrUcPX8enYm",4170764
"FpyHD6U4s54nbckqdctGFZqgtQhAm4FsMvGsrALVzhRU",4562084
"AGenam4HjRcXBtM49p8J85jNfzFFbgf5TioAvUHNNzn9",8794487
"5YqFmmooq9PyeumbHtErjTe46mC97Ym31pH6SfNR7aHi",6983097
"2f8PqPVz2avjX1PYmXWmPRBet3KGqpb9Cqegzas8CvP6",5567245
"6zCMUScLRzYNcfbyocrh1XXRXP15dkwkG3KH23zpU4iQ",333166
"BK27dNLk2sHhLcjgwjLzTt5anJyrKD8bpHV3umepCpRy",2657249
"D6W3n5z4BAkdQwaE7pXd7zVvyB9M7Amz92kkJbcgGAHH",3913940
"4X3ppKT5DLexbxC9AZcXm1ERzhB2ppSqCvAjH5tiSVYC",936774
"EyKX5hb7RaBcLTaYGUj3MWwwi5R5q8jn734qNLnpVYCP",1456494
"GjkNfUK7wPBRf8XSvqzWZ4A94QqfdHhUgbDtYPvNNLbB",2960862
"7wfjfYMz1FrKY2Wm3yTQ31d5kJLV6hZGsRr4vmMMvbTf",9913627
"BJvqi8DU2xMnN5dNmGT3h4FtbjwAWCtyVdLVtt12Gtsw",4082604
"GkQQ2vBfz71AHCm4RumCA1KLEGEdXxGmjmVsCFVhR5Sd",6993472
"6fE7ZwmLbYPMo1bxMSd5ETKak3cgTRsnHVM8LmxHVoVc",5943980
"E2aD869UXA2NGGzxePvvFLHvPHaerJ3iXGrWhUuyJZub",9977682
"Fmatod7ZYzpcfqMozoK24ELqLRgHb3qxGXbCkTzMwddB",7438112
"FGY2Qh3SsnJyvWzBivrtkBZwt6NXr2iZ1UUi449RUKdG",7464976
"5SHmrueknKpez2zh4SjwAarZbR51ax232CjigG6a4wJd",107761
"GDBMiHLjRsu2fdX8skuN2B5w8brfCYHdhafmBi1VHCny",6278871
"ANeLZGtERAiYbcLDX2iUpJ2rwefZZx2yCGpiLdBECCNZ",9094190
"Gq1FpAGs5SKF7apsPFysmzuaM7T57S9QRdsK65bqYw6M",7786325
"3mYF6FxQTESyqe67xT4nW73kZYiscRh8bqPHUzZL7EhG",5047642
"5wmwbQq97xQGZMMtGVEbwYYh62S3WehijchBjxnR78VP",7307703
"BHkcW4GuH7wiMFFADPLtm9FgLsvPB3DJRFUrBFzpkk4d",5975416
"7PCdx9ZbuQhaA3mTmmQQveZhBSeGvGHNGnXSatNgJ66Q",9238824
"ChS9afSfsaX1VJpCrCfUYwRQCUJyxnN3LWF5oqTz4dnT",2522691
"86v3ZTiDJGqHr8uu66ttQyT1QTNbjGmbX71TALTQKLuk",5480668
"6s9uPqPNbRhzZcQ42aRdyVoem8pYqXb5zLJesq8Y8SK8",3292405
"9YDQGTKbjywg8Q5aXvsvYnP6sfjCNbG92WC1sRAWg5qc",2649491
"6SJuBKX2Q6wwhqe64CgWBRTE1n9EG3qrhNiXVjjLagcn",3091571
"9fxnPssVtNBSeCQuYP7jUfPp1a63vrnZ2xKvgDWwYVKq",4829549
"3tcVVqwkwuiVt83pH6moLvwE2FNsDE9Mi8qkMMtq3JoP",6571424
"8HdHqK9QtUAQjWmqD84sJtevGeq3bTcDyL49XqcHTumL",1931637
"FYz3phyHC2xxk3xMMKxNwKvqZ4RVhZKZvycJYbCfnYz9",5274065
"6UkHqjBQYYNEzdWpXKuqVNVihuLuXnbik1T4Lq7zqYpt",5525058
"GbYEsSkCrP6Lk7RCNiPpjL1NS8wjE2idfuoYSbb1zmZR",8236087
"4XzXXJZiqXyyiA3UhbjprqxUJ8sZcNad6PNGjxcqtGee",7589885
"HJvaz4vWJ1cUMobR2kiMSiDR7bhiKM4Bbos8Tq9MNGtj",7107033
"HomL86XB79hTkxHTW8sznjV9WMR1u1monbGxzQaUTnrh",7741125
"C64GHvoDmwJHbD1Jo949Zvn8PVbgP92BFwmTHvqe1ZYr",2080813
"ABHB6BqXxJLenCpvRT9kTZ45tZDs8E97SfZirw42G4fM",8603607
"BTfPn8tCJv19ouDby3FPApMAzGgj2Y3m3ERKaLgavupe",435531
"Bf8u5mcXuSc7tewKQbMq4B843Z1yWtq6HkbRSdGwuHrK",8567658
"4HyQd6Z73msbqvy3B7JC6qrQq83rSM4Leg4NpYQxvxtb",7359349
"G79YzzyeZQHoAEL98L4MWDCCAcVTxY4RdD5WeMRT6pyn",2173301
"CPLGmQAkKicEKnw6LiUkGnoJffvXydDHyjuMhKvBPmLk",8131764
"94zGQNUJWU5QvmGpqA3jNrV6vfsH9hrd6J7CAjcRsRkj",5900348
"DzG5hdXQhJeDK7cGSy4q6zQAgyvC3td1Lb6nw1gajjrd",6550266
"4i8e5oTnt5hn6NohptCxS1ETzLNv8kCoKbBE2NXmuYWX",2231111
"7h11V7mPvuiCXyETzjqcSe7qmNJUY4tfPRKZcQ6kVhGw",7885842
"58MyiSyYc4GdKczRDrNRqtWLtMPJDWYfbSjSyYJX3Pbw",5891962
"9t5yd167hRAbSc5BZmdNKSchjbDsxaQVkuUzAUEEo2Vo",593628
"CXTgSuo8r39VcFDmB7BvdgQyBmZHwsmZvnSqbkrPwZYF",5794744
"Eak4astNjFSXhNu8wk5HaLe1qcE1mLfCxN2v82KeAUTH",6068975
"CjjfxZkBAAyREfcK5V7AZLbWUMXbf6o429J9FRU7UQwS",6377828
"FhyMzGg7jdYBULbpnVAfeUi2BmqTYE13cBf5pdSdzPHQ",1966207
"FbzXQXAdNkR3SJbcisqadijxopUFCoBikPRTJ4TpWbZK",4015595
"9yb8QRkmXHWQczHbxuCVLtE3zGDBhPQEofpFqLvafnm7",3450907
"AQ3JsUDrodDYQfv9XiBbyMBi9urnZyRPijVwGFsSxMkS",9456183
"B6dBcTF56z7o3Nb31Hux4HpiscB5CH6csv4jgfaZUjhm",6425192
"BCGgas4EyaovAAgVYir9RYRnwYNp8xMF2kjPpzvtycbV",5570347
"GRRL5iijvCEixbPCKR1nYJDWuk4tJbj4DZ5A6ijfVL3z",1364834
"A3HXsVxyXZHi7sWpbsRiqNmxipUtiZ3yB1ko6vKz5WaR",4946177
"EXhGuXb24WpFSXf6immEFw52Sx9ShmUXRUEjtZV9JLPc",675861
"5Yd8CFvFqzL5PLyockv45rYBiKeATi6rarYf5iuo4NBL",9287075
"AQRBgqv1pF3A3XrkAuv8BbGrZy5pXGP5WAUDxdCXFM6G",6039036
"5HxRwFhB7JdP69BnPaP1veVBDq837aDxTn8iqiY8JgAa",4780160
"FTvETW2DC8mjB1z651aZ268yagX7zK5zDq3vn7Kzjc5Z",8053606
"3rBjoi7VXsbvX1DGnJtaJTjsHQZBHt9V7Qhx4DRJE4BX",2323636
"GUupPn8M5AjPiWZFiHmWoGg8oUaiycZXHNMMnJ78TCUF",2138853
"89dEZ8X27bKU5siufkkJPjQH8cMbGh32y8KBhHV4nmwo",8608858
"2r1MsyKT9xZaUvFQSFD66p8SQV2ReBmdawcdCHnCUPWW",1592915
"Ca4h4hcxCSiq4VwVVHfQA1rYARKEi496deaj9AX2Acwo",9989862
"6URFyYAJDh4dBLYqDZHYya5Ka53GQUGPCyCH7Pt8Jh5W",5062517
"8BCXKokAprheZSu4PdWsHcvKPs4RLa4BVcpf6RmbSnqx",5379854
"B7njUbfknNySoPjKEiXWZfH3SFdudHjcp3qxJQhM53tm",3627244
"fJcxGGejdn8owAij63ExkoLbLmwdUK5e6B7ixaGg2rc",7783031
"ENUU3jLcq5KWs3QXPXBFwxAhNJTeLYkMTpnpiFrn5Bqb",9489417
"6wrPvHrVhhJMwaLGpXbAWytoe2h9bxGfptabhQUVFJuS",9583782
"9gv1gQRreQLemNkK9rggk5xQTbkUsTFnrpsMBanJLcdC",6613719
"6Kbrtn2UaXbQT2jLLmwALv7QhjeXLJ6mYC63uBNyCVMF",960976
"CDhRvY4ZnsvUWueHjqRJYDK5A9gk7cqqSTranKwkzFD2",4392044
"Bje5aThPdmQ1k5tkCShJZ9egFPW4EvoP5KFQLFTgStbG",1653663
"5WBoSTNfx5ni4SL7r3opvmwVe88222E1JCXXinnvMYY4",9105331
"FdQRdxa6GPxC58gnbDkZLv3B3wcuXLWByCbeECwiSmsY",4676910
"oefFoY5HQok9ZStxRL3mVnaDybrKQaEdiBUt5PWhvrz",9674454
"G9ukFCFAF38NiYdkPcCxb26RGP1rfqZC4pZVcusEr3w3",8070177
"CpjLftNcwXcwXXgZVPccN9Le1LaXWzEwB1v45nxJmdK",8338060
"FKDtuKYAmEizv7rhsuv1bc2XSNfz9NUg5c1qzrZD42Ga",3963980
"F5c9oGihJfMXs28h8dUTZ6Lj7cB3HZJ9LNLyMr1NC6a",6038781
"A5SaWM1hyEYWDtSjowFJJZxM46F57oRBaqkEcQ9krVjb",8980395
"HczjxLnbWMqwhCvU9KGND3o6RyyPpuMNGXmJZ4tUyGeh",4670915
"B9nELuH4uLvmPZ9Sx8B1CLrDQ8X6C5HAtuKbQ13UqCkf",1452728
"Fdma3C3e6jJc7WFRQB1GPY4DvsoqSbr9TjWxwqDD5Wdg",9036841
"F7Me46oJ5yYdY7FWdxPNQrNkWgXh5rBTeV2HX46z4mG1",2792862
"GJfEurZCv2eezxc7kSjsmuBWt3SvFuYeA1dLLaWrRfbN",4158582
"HwRgGexDGmHLX5Z8ZtZWYoubS225YmuaraCEB4ss9A8d",145877
"28XHemqehPjhaeykVotw1XY3irpioHSBLvVipQdPQDPk",9467621
"63kWiqjxDB4WKaoAYoikFmaairTPzD8pVWCaRAWK6Nkg",9973387
"F75Bc46uJJH6nxfiMcKWX8DHVGrZtEMHcu5caZrn8D47",8112976
"2U9kGHm5Jt9Yes5QucB1GtZ2SQKN38eWJBnyKgRfU1iy",2747598
"GkzSvGL95ZLT1ddWR1y9fE9hb24arKby558njcBT2QPK",1233233
"FwXPbesXm215UYTxcKa81EWerpkdecUZHNYTj9pym5Ca",4566923
"7GSuqYR4wrjmH3zP2Y67LkZQX4ukxp9W9pZNfYsMAHJZ",5273436
"6GN2oBPB37rdrVNGZFWHzdW9rrHfXNyXYFv5pEmkvkBC",2286085
"EXujRSmeBZNXfidrLxT9jK5f8tMGoHuY3g8q679TfkED",9098041
"6yvTk8625ABZ1ai3rsXxKERTDg2WYVqYir6RABpntFru",3503076
"6fGuWBkJ5VmMWQBJofRvxRMjwJQk8B7KRA8k24Jvdfmi",6966631
"23ziDZkwhHujp94QgG8J6gdFhNQ6r4RFSD8eXULg2QNC",1614256
"4tpaL6FjNea6mu4jZyUem74N7sVRGtsgJdB4hyv8Gm4H",2248142
"6yTfpyHdQn6vExDfS3FNe7G8TwXQ1wYKUcT7mtYEtSBJ",6898235
"FhMzAsbisfMQBReHuAzA8RWFr1vGKFeNZhwJ682hJbYg",6043553
"DtqrrWMBvoCY4423M2BMaXnX8LjpAhDbxR7Snkp4mH8X",9095322
"9UYf5wAsVYcQH2VA5j9pyDQu68XzrGr6xnhGKaL6LywM",1536982
"9Ee4biADA89Q59kQXVWHYrw9aJT21ZzBgssvbuUFeM7u",1733431
"CxpWMVPynsyQrBzaEi5p3Qev4RM5nRAUDpAKmd1e3Bbc",7570371
"ApUm2MKtsjAwLw89hcvNSjckJBUyLbGJ7NsWoqYx9pMc",9536924
"GkWutrFGP1MYmaHBTxcgsDfzRHFcnPj5RimGraJs1cK5",5443877
"3G8MzU4UgyzwRZFq3y9jvMLoVYtMab7CyQD8Ly27ZEBi",6288337
"8f5SemfEasevVvWbKoWYKm32yTyX9HxqYcHxhjgTEgK4",7711454
"7U4mAoQAH7XvX7obMnV84sipHGFzNXUz5WpS9ryUPGWM",1428685
"BNNDSbZAFmvBjiqCq7J6AgXDWMBw2fqtMtNvwQsPZxKy",7426554
"9cooMsKQ6ydpEziXSw15WLefxJjD8wdAmXRStBkLEGvD",5395159
"D2e7HViRK1vpUnSpxd8GHfvKpC9wiuLqwZHiwJ8vJti9",3956544
"GQNJjaGQnVriMTnr6v5SqaHZj5LNBQ4czi5ppGHsUBWC",689687
"2t1zqPAcRRWY8B4wcyxJPoJNxr9hMzaKSzpcEH4anubZ",9526953
"2WRWTDcopKw7HxNKgcho6D4SscFBfydNpsRAgXYJhE3a",7177073
"GCUwKEue8MQkQQ31BugLGxuHQy9TqenMcSGgJUvyyw7d",398100
"p6n19pjZPUerJTJX6HCrDQ9EYdRNAFPBcng7TaeXyea",926539
"edqti5iS1cQotdeo1C2mKcgGX5wVm1579HVkYGHnWcL",2680604
"FLp3upBsjDrA2SpSMxccoQEgy1Be9bSjdFp7e1m5zRZD",1952449
"BKbpB8D9suWT3UoXxpATXgwBhiANLKQnxWSwnqtNuDMm",4116543
"2BPKFH2Yf33yRZFPSgvkx193MJZUKaSjxUdkTdwYknyk",3492561
"D1fKUnH6fuhGdjpJkrG6qShj2texqanZ5rjTFoPzFWk4",9209899
"EEhDQi1EE7kxNKQRbXFvt5pjvicF4wcMM4itLzZq4M4J",4878258
"2RnKDpZWfaF1ut33HRcRSBop3aoZpCM6aAvmayxytAur",9614443
"9ca56Bguu8PvQz77RBHATbBreQ85s64ttQXuiXLJxNmp",5550429
"ady7aJQv94eYvAjCdhc14wpTNcR4zZxB1jgCH7JE1FL",865124
"3mjYjoysVMRSKnWa82THhgJfQE1LMQBVYPysxvUGQ5mD",1620345
"6z3jv7QFz28CwmqFehg6jxTh7N3BubmwwwS3FAHu62Ux",667315
"GazfwxAuEbR2MRPcdYZ4jrHW4KBoB8cj6yBkVQCoumZH",7507126
"DAxDUUbFXeAgXBYfV1eiK3LKdhQJ5FoXMxxJAaFvY8VN",336304
"2mqFSgEJJAavkhVjH59bhz4oMsKeyYTk9FPCUmhLrwYr",9067876
"13i3jRPV5bneNh1LHnp6o4WKWmuocv64BxSyazkaEwm3",3850048
"52Zyf1ohneaCB7utBGcCTPygfhxiTofPYedrLYaFFBER",2942110
"9Xt4gaeURuGdySbRKYJmYkGbfiTRD8hYGaevNuGAkcDx",2724684
"EMz4nf3gy632356yJNQABxuDquE9zGpPkzDcFC3uhhTh",1913955
"EGbDai3N3f4SJ4tRMrh99dCecyjEK8sFfL5rh4nGQmbq",1734446
"H9ecqQaxLy7zGJNAGcy3bE7UmKbKBYbLWWGc54WddtNL",9764356
"7H2PyfLQQebw9oW2NPULuasYVvvsugXYpfKDZNsTkt4t",8702607
"3Wm3X94NxwQoZa2FV1zJ3UX18r4Q4MgZD9TD3zF4xUgp",4031737
"EA9Up7QrPtLspj2th9Wc3ZvuBiyBxyKxnvdfXwMpGuXg",4037744
"bi2q9rafhnqWwnayVK5wLaj9sRdvDifeBsWCwLxNtKA",217623
"GrhGoSNH96PXWUB1cJhbcah131vmv3x82uT6mdo1FWg5",9024308
"6HUAVRfWSQ7jzNE8WWEpLWHcR9gZamhy7ETqHJW4fsM6",6272005
"5pVQqW6p4eW8h1z4XgDK9vovD8rBTM36xux1PfHYCtip",1345639
"EGtc7EjJKfPHicnmPu38coJWwXQZoU4sgtmj76KupPiD",4898916
"CwcDLeot5KX8gzKQRioXLAoAwjKtY9oiR5nvi2WQ9MWg",3851876
"rK1CJ4XEKCsx2wwM6vwDa63vAdKCZm7HyZRj6Dq98XH",791961
"5ncMiVpoExf56iCpHwXbpSbou3QsRyxc8SaqpVfbNxxG",4632146
"HhsKG5o7izmotiJTYF21Y2AEVySVxdtzriRf5xadWhGq",8193283
"EyvfYg1aGgDV6iJew1RM74qistgHY4P3Ydv3NvVZNT8a",7261665
"J4QykxFxmMwwVEW3JisQJuZrF48wgGg5YoYU7x8DAE8u",2662650
"DAiasjGaQ8dyygJknLxb5UhkDyk6w5P8cUwQ1SScvLu9",1018516
"9Z9GrZd3C51FEdt3RWCQcGQnutkHf8cVJtMtQEE1ariD",5129916
"mcLBNNZCEUka6gASCmnEjf4rDc9eBbZm8wRR7Q7uSLg",7796546
"2aPBnHxVjs3N8RWPfFRVASa25qS5bVmP7mfi2WNSfemE",9173948
"H3U51bzpP4Ti4zrLkDT78x2adiixW2eFJeFo8QYZxTb",1988474
"28zvJdNoXBXPRBKFHKrjyBX1Q541xReKfH9M9m2PPpmT",2743373
"42kfu95bnwPMaa2iJMXAfeih5SQsuCkeUVQvgUS5ciDC",3239722
"FrsfGxtZoJoDsiRGm16DaQgSpscCSj5XwhKEHxXkzgFL",3789176
"FsbsBD3otoN8jxB278x7gNe9BQ76Kxb9tyju5cSnpu8d",839899
"6EZqsBoNsBGnx2CmECgowMEiizFsJhFBdgFvhs1bCAeC",8708551
"7JqWDwMtKcxBrtQpf16WVCUdFChWeM3RaJetQZTPzk5o",9799679
"EX3YgWPH9SczxkP6C1hEgZ8xrSppqgubGNZC6j7XFLv9",2320296
"9pzQ7zxbnxu1Gb8d4aA3UhV4uPqmdvn9K9TZezdhgv8g",3651703
"BSQqJYb4Z2fDRTcrn1EXtz4RQKomFQRdhQHmgR142HFt",1400059
"HpLFafofcZmftdPBwkXSGE6Db1oMkJg7BokeDxcUa3xq",8934837
"89XnPiCTFrQ9UDjtX321iZrLeWKLsYMg5hrTU11rHcNL",9899698
"GuMyunJ5eyBvvvsw4e1CqLqMb5gyznKBnhbQPKnK3VhP",451653
"CtFyWj5arkxhoGNeT5A6qH87CiQLWQgUq9u3hf29Nj6j",5277466
"Cmjiwx73i5ywDNWj1ckMzmmyFYLTJwnHSyG7vAY7gV8g",51342
"Am319kRAWgbSZUFpbeDStL7WdfVwhHuZtBtX7MWkMTWh",7609411
"HKUopSMdAyJRZt2MqNEzzy9LcRzJgziinpC9E2seZBUr",2322436
"EufSSoZkzzHeVFdudUsBHmJ5pccBQFUSDdsUMzHek51g",5195628
"GAoKVcinHA1gEB2TkR7BdmodAiRfaBaC8kQ5gJGusTtS",6352032
"3EGK1zkoN4jk7f8rYBK1Sxya48kQGRLyr8WdNthtd2SX",66101
"A9rUF3tQZyjW4QawV34KwK6TuomybqoxPkNscUvimURe",8361509
"77ELFEvYLLa9rCKof5GkXRLToCn61NTRk9xVLFnvus3j",2164594
"5p6bXjCcWxBydSjci9rDgsEF7cFVM5d73M2YzDnmztLo",3320999
"shTRhMbrgrzXBdcs4RhECvwr7WhwSy5xKTzh5EfVW2m",8497209
"AorQy9HAGKGQyAjNg576gjJz7h9BoYBwZoo3oFjaftTJ",3493352
"9tJjxpCkxN6ZZZajWZCGvX9xCvo2GVQg7Ueo8m58zZd6",33867
"DHkQuoCGvtifgiGRv7jEoCHGhDPtKtkFAzjErJn34sgK",2650909
"3gsDhcjYeyFk9HECXpfYFyJAPDtN9TZb9tst9yKXPL3F",4197424
"4Q5ZeTzqX2khLrMHzsR97vdGKBqfF5U3mto6xKT6C97G",5066006
"GNWjXyrZgJeySiLig5ansc4dRpm1rEPBXcWmcWQtbssv",8299566
"DZdUUZD5U9tSFY9qfpGtoMBe745Y7wLP3kjQUk5UWBgc",7773577
"6X4NPy8pz6rrjxjgy7FQs7dVYk68kXPevATT12iR7Yki",9727294
"Hn2uxRg8MbK28nBZWRkaSC91acriCAc3kxLHBK5xYCHH",746941
"8Wp5XgvLZUd9CM57Qu5zt8Jhj8VhvFjH4AAWfdySgBVR",9334586
"3E7YWydDdBZwAKXQP4HGU8CWt7Cm95xuHKRULGosQyrJ",8225758
"8c8rcuNCbm73iHk72NkFuF64fo1ZmReFsdkjjKXYZavq",1897567
"sk7W5v2nDpeUe55WU6nn7T1DF2bxt3ou6ir5PgKmCQ7",4720308
"EJwyyn5Y2ymmNrrXnuN6DqMwtfTVAiNN54KZXCbuyChz",9178609
"E37MYZZESS4zRaJoQwm3iv5iEviEuUbUnLrJRr4G8w1P",4141160
"3bWkJp6M4iG2C7kvUifRTygU5wKCmVvWwLDdiiksrgd3",7981968
"EoV9tZPu6WAMTb4wER3BxfavndtHfD5LtgcxwZXEWq5Q",9421282
"2F5HcZ3U74V3jBLNDyyKDU9qb4RHY4R5ejnXgGWDJhU4",7695010
"H6BtTM9MjdaKzDxaF1bFxxpMdDgZ8mqpQdwond1xPMrp",9122567
"GFTx9RDpDCJvKryCCB1sromSx3FspxuCkBvCciZVuzaE",8099661
"9FjwQk4Ne4K9XiU8vb7qN4vKAoKy7f7sFRRaNmfqBk37",8258609
"APBjNxRszD3j8ZGatUWf1wxnKtrFufn9c9heh9fELyvR",3545616
"GS18wa1qVRGZJp1uQjurNtGCht7V5bNq5yjLbqjJ9uFN",2617698
"4npCcT9Tf5GHRSBUnRK7LufwmKS991gJrv8DTR1QUiUP",3460718
"EbbX1WrKKpnzqadFvQRNguyAgb14CvbHfuYxwSeeR5fu",9673226
"5CdyU8ymZ7oH2xA6Ev3cx5aXHuD4dfMHAmtLApWWvCSX",9574394
"Hta3XGdse3urB9ur8aULAvGEfr9hqgawUr1qGdnEcAPw",301997
"4mq97Cv5HruUSXQG4MMwip7jC6Ki1j2vRg6Rz7TwYZDr",518701
"9SJkmfghDUew9m3wWzZ2CQ6n7zhQ8AGxQpj7vn8cFHK3",9329517
"9KSp4AuPsha7VjNzWiZv1AbiNGff1YjE9Njqf9nFwzGM",8617493
"2378DR6TzuxbniTiUua3sCaFge4SmJnrfXVvqNtJbSVE",4426988
"AWRnor8tDEZRm39hCLJoEfnLzkx7WUZTnH9KnFs3LWc",4382463
"7J3Ydm3GqJgvPfxBL8QRUCXtsd8JCdBJEBbRbjjRgs1z",8834446
"Ef9dYStZJ4BaoFNod7PZoftoz8pxu6sK68qJT4GkNy43",2397853
"GFHuuGDEgWQBgbiiCYY4BDHzhSYYAPXshwe1yBPS9wJB",507833
"9GKf41HMeeC4xeMiNdKASmZbYudQwp4xY2bFAa7Lb61h",1266776
"F37nsqJ74rnMZgEx6GU5h4on7w7MXkbX2KNb1TogwhwU",8884715
"9if9HKTzHGfDyYKGX4NzHDg1fyDKzqmWGjNERZzr4o9T",4497885
"6g51a1voyNmioqZbUCqSnW3ZEkdT5cGr1N4M7KBEirwG",360009
"4F3PE7Wt3TuVcnXh4jW3ommngE61FNWBDGDe33S3kQ1d",645645
"FamDNVqHJW95xZS6ChPdKEutU9Hn9dSGeh8U5uHPxBex",440269
"CHr4eEZy3qiNXzdbf658vZUtQJ1h57nxH3DhHj1w1XRY",1053128
"4wjZj2UC2E51pihYtTaBaTnUnMcN47irwbmwxEjCSiYV",7662133
"7N41itLaWtSD9WLSBn21dPhspKmtFmXLxntaDgUiEXgJ",2766267
"4puAqB3CbJS82R98xjHuevQ32d6YxHBM2wHWuGydGdZ7",1868276
"7stnFzw2d1rgvsA1fdwSgSNqbFoUZYdnYNNvrFT2NMsv",2623799
"FmZp89yp7kreebXDJ9HQQm2qbBLV3Q2Wa9n5PpsbtRLU",7726374
"BW25RqLEANUHRHFqUwgf12XjVMi4NY5bSvukBnHiTFpe",737794
"2hXGnVUiLaakBdA4FciyRZ7hRQfQjAbR8CJD8KVmXU1U",5342138
"B4T79oVf9DtwNcEXztJ4cq5FNxBNpMrm8r7CbA6Gr9gA",7119699
"EBuXaggGRTAugqTwtJCMgaqfSXbVXSpZLDNjtgFKozWn",7611429
"9daif4zhLPUrLVKi2p1WEXS3vZR9p4v69gzXuWnPhqLd",4027371
"5Wb1aZsvPuqBxTm4HaGZNUCUPcUMM511pwGZTrAwCvj4",5126109
"6b57aDnxz5ju3iBrYMfWrUNVTdz87GJwrUK9PtgEbTn5",4928570
"3d8BpZibL2EVWTtX1A54HyjV8NRJzn9DbrDfQ65imu7W",7834149
"396ETEPSrvTMyUmjGMmeTzxHjvDU3t2jYt8vVtRnarbi",2454269
"3KCfzgec1bFjuMgNCezDS7tstXrePhCz9mstqm2nQRao",3076989
"HfcF83YE2qBLBXbDgKuDrBh4VdFbTgQeRtspGrYFPrMQ",6510048
"8k8Di75aJfipw9YUW7L4499FhsvyKcPyGzVdaE1fcN1Y",5268396
"FZkJUU2nkFMGRvM7vFcoziiE8VgoDML5ECXRbKrCiwwd",2586796
"Am8kgrGXyyoofVzvscHVN8weh7ucmDXqFdn9cxXYA49s",1526021
"5cCHQrKNFScAvnv4kBgfVBR3J2r1wbJG32d6QMJfh9YT",5382871
"25NX3agEyKjC8TxjWxdPBgE4sBYFC7U6syXwbLPiT5Sv",3303403
"FA3Ly8epmgUabWFQn7QZE2WrzkgNTvM1Tq6YkbTTYrVD",8185529
"9WuWDUmzcZqmBuzicmWA5gF5b1htkczN48UcxnLWz69c",8008990
"H5uVQb8GYB3XSQcd8jpWToKAnUUn4xj4nWxhmrfMvfw4",6442788
"DNCWyXrKPVTHDj41k3Qr6eCfN7QZYiS4MwmDUsDyAgHr",2006119
"BVUgCgWk8FpqkTuGLHRXEBce6zNcz2D6GqwcEJYAnuqy",1202598
"4WW7kypfVe1GXPE1ZDnPUwL37WJVTNE1QVqsqaGtHUEc",7796786
"5TYgrzWyx73xhQh8D11mjciweCnWQ2Vw1QjY1CdsVm4Z",7998436
"3RYxrGurgNBrt8USn1YiLHEQDji9ygNkKiEcp2Qc5R96",1840808
"BsnB3KNscnzqW4QHd9y1zWtbwxV6P6v2ZE7xYJ8KgvbN",6992546
"EW6PXmXCfaC8bCHpKRjNhnAgN6KFPoKTamBNzoW7eaVt",1353251
"2wz2aDNn6vcGdJgRoRyAx4G9Xvx62VGzCiALdfYCjT8o",7971413
"9qrr5jHk4DzrC2GzhDFw5w7jHkT7XPhRKotQ2tzmhSUD",559723
"CaPomQVhaLjpFHsiAsDHrPd5HhV5CohaDaxm2aVPE6EE",8122844
"4N85nvbbiTaEakNyotoLUBzVwiMA4ByNuLacQ58EHg4f",7318399
"7Qcfov96MNQVEdQ1PCtjRoJpc2A3QwmejwAUyH2xS4V4",7422209
"CyJ2bY7mb2yAqD1hSgDGYvapHpGcJwMUALS62w93pubW",8189855
"Ar7VkdjUUuveqgqM7RwEozGvtjk5HTCaccggUpErBjss",822377
"3YkchjBoSz5YWHhMfU3tVnYSvPT4nz2SLEu4qMkJ7Stx",505095
"ERZc3vY22KijDLeQ9XVxhm53gfg3sHyVkQV5HsPzrnJ5",9600336
"88iKbkq8y4gqXufDEXUqH5hXQE3yYDqXFNhsaqoyJEYG",7627798
"4rr86iGkVwAUzZYDZKbxhVbygH41wJqPKKoxV6QKB5ES",587142
"41SfvFxq2G2G4VA6DV9qJWeYkiBVQB1SMmigmf6X3mbB",269021
"J7qEHpNhEqHCtFgZYHzwAoaRVGGKCKNp1X6dQcTbb9bj",2716861
"EFT5ZMwrM6m4rWwsChryR2nGqHkWefB1kSxmGX7pQ9yj",9947974
"7DjW4Ri6ZeHRNY2nDQWKm21NTpoSD8mgtkkhCZm3gTUT",9897892
"4pL6DqeGJ2cQx24YEAiw2J7q26jLmPHoKeEQkzqodM1f",2591843
"GRTcMDnZbW3uWXShQE9AfkSADcutdRJ1UqAU8dvwrUni",5701705
"6ws76ZoHvv4qVAW4mjYcpr3b9SFypJSF2TwWmJ31be1k",4507909
"9pB6yT7Bjk1X8MoYK7oLPt6r77TMTqofvrCRp42Thqvh",5531017
"FAWbTj4WjomaGPC4GNuLzoqcF4bPp4b8juTH8WhtbVhm",6453278
"GTY8i2MMwgiqZrE9kBicYbtNhqtzsHa3AvQthS9K5Yaj",7653499
"tAsiYf6R36CiZzoGbWxDdxwUUDkPNAMmCm2PvmNTSyH",6146596
"UQuVbmV6cAoe7icDg9En5msfwPm4PaDDRja9i7J9Gru",315436
"Gr6NyaPsxSsthDWx6Mz58xahXBF24MbnaqJw62u5xey8",296239
"C2DcthZ5TTEgABQdqHBSZLNFpaWm343aVpiJpJHeY4ED",456100
"GxvwRvahZunYTuSJfBYUaawD45QegpKxs1JuqfY3FFPN",1220377
"7jjk3rij1fMYS4NtkemQ4zGHfz244T15p6JgHMn3Jcgi",3245437
"C3wuPjo54csuos2wjTL6CngGzytbydZKwp4zt1Qpqe3i",1175551
"8oajsGgm9D3Am1GTND8zMCeoZT9dmoHksm8LDpU11uEt",6611398
"EZ4cVuydg35qaYbV9ERGPc2dTAB1om4dJTCR3C5wXnkQ",4964433
"Ashue7qcY7c36p9sBU6FWnnBQ9z5WefA6NjtMP33z2mW",3838678
"Fs5h4zGrWuZNPybVdFbqQrJPAYEgz8PwmHEgKgLh6QST",1636348
"Dk5BaThJsZ8gZEjEDZjDU9fY1aBe7Cw6oASnVqMphe5X",7329572
"9YV7ZeSq6HMXt8N2BizK6CXNiPEPnigaRJgH3KCkeNCE",9765158
"DobjHH2LkScAHjnoFEPHztRqxbtcQgZbipCyXsQ4Qx55",2105163
"hqCEMkG6gHHX3PMxpFdz1veExyxXGyB4usDr3uHNpEj",8249132
"6LsrnEpxbSfmDePJ5U8v4YNEhpwVpFXKo5mee99utdNr",1293806
"A6Y4LxLL5Nz8e5FdKyUx6hNZWqtZ1H93yg7EyzRxszXg",7537700
"CPNcWoG3P84YscVfi2MKCvsG2QsE3iHYoynBomhPUfcG",9431630
"8ci3MLN4nP1qs86LGvihhtKT4HsRE6HoDz1CiaDBGAW7",9584969
"2Sjey5LoDYJwtk7H42yBm98XKjnbtKHhPTfPUjhckaH7",5411372
"6wXJboMSVTsUNwL7f7YcemodmBrwKLwQ7Xm66gdW6CcT",1299183
"FeFnZF4GTK7wjMytQGUqngQPfyGGteCsVVab9Ak5rwCR",1261164
"2PYLWJHbrx3h7UELcEkHPVcbBBWtW52FydcT1Dhh8gnX",5583781
"74u3yk19q3AMvKk4fD5JDhKSZ7s18jKNX7a72udHicfo",7111352
"33KtK2DUqd1aN1MTbzhd3TkuzB3vs1a9uZwVXH7u7JuV",9163399
"BtAjCWzRuizAA8AoE4Ei9VMbGAbKU5ZwgBTLpvi8qeJ5",102334
"CHPymTcfY4Yb1ZC8qJQe8ugtKV7GNpmbBheCu3S7TJaJ",5962034
"Ar7vAs7cw8gHFWyZfAN7gzZesMtTrPdjmFXc5H3G2m6Z",3571477
"4CDkUUaVHUHr9nBDFdpyck5BMLzL8NHiTyKyug1Eaxce",8136705
"FTwUpscRVZDNJsoq6PQkiaEGzKwn3BJejEUkwfiiuFK2",8501147
"3ZsJmVB1M8xBZiGt5cadxNqhSrZ33VrqNvWWqvCxec26",6134213
"8GsiKWaggdV7nt3rCyT2TtBFU6vDEyBHNYq1mxYd31s7",3672779
"4hgjCkoM5mEdGWtW7ibewA6w4chHXsz4fYmLCCyxMbcv",6184959
"DWSRvXc2MB1N73tbY8FGCjswrHVaQqgRmtkEC2fHrJWJ",4926802
"GeZGdvBNMhgR1TnUmEpWMdQrq5Cqt596RisxBZwypaC1",1539373
"AE3SFw7hHPRdBfAWVUsKEiM8CMxP8qPbAHKC7gVCWVeZ",6497843
"CdWFFRaHKHaw1unZKBcJASFczea9bYfYUbksGJBrAnBW",602194
"FrTqd9GTyq62bAQB1e8Lf2ZV6cQAbBAmZKer8UgBBvVP",1048011
"Edf8hGZwdHHSEDuWJqzYZ8YtafxqponoSVKQRhXYjsgT",6662640
"G3q92n98DrpdBymTWfWYng5v7ZrzMqyDQkoYVLWG9JCn",1454950
"DtqxbaucwZ1MxmLSX9e1n6bZHbPfuESopdwK8zLpccva",5522687
"5xtnEdFJ716FGPerftvDM3BnzCdKyPutaiheDoAD8m2H",1870375
"7SskiSwhGWLFTT5pxPrhLCd2ETFE22gG5RJxVzGTeL7R",2438373
"2tZrD7pEV672CFSR2y8QkVrb7EcYXewYuKhKtk3QySmu",7459398
"3b7ZtbDMZ2VmD2RFesL1jjfZwnZUAS6aSL8aU2A7W1PB",9468426
"E4zYmx2W7mr8GM6zLTkAUg35djmX9GdnYtmtd7hegfSS",5620277
"6ZetPiCWGjgdtgMiMUgsCtXhLfZHr61haPYeyCGTqNrN",4835777
"AGH8V3WPRFnoByEhKxgEEzyUS8mTb88LdiPRt3wYAuKG",9261912
"2Ct2F9qJiNKgMjYDcKFSyhmJ54FYSaqWU26sFeAGk6UJ",4997678
"5FocA1dVZvRrxBuAzPf6Zcu6ej532hM3HTJ3U3JDZ7Cp",5735788
"BProqFmJSPKiEQ63SXdaGe81bc5DfAUjK6KXFbE2aMUc",9924758
"2hxuphoFif1NXUh8m4cTgtqT9bpmhWc3oP99KU1Py6tz",6614650
"EnsKmCydR6RZoFckEPULFDMTkpDhGeCuAAom2XKVmECC",8416207
"hHihQLugetEyKV1ti3dnESL5dbAyV7j3BQzbEm5eGkj",3470813
"GDBiNsAyDHkyvucEJKG5xyAzzEgVM9ncrqBXMUbz4VQD",1108842
"6NTm6ZM4So195FZdtPLLwrqveh9s8fNooSiKqso65KT8",3022248
"NrYp63gKeiDVH4WQXiVGNgeKoT8uzn5ZCovX4JGNDkR",1793048
"GmVuno4HeeFvuzUd1fYVcHhZmu3WME9WRK7FospuwxqD",3928989
"CKyLAmBHGXh4djSDfn2bBrZdV46UXPAxZWUsi7LFu252",8677032
"BQWxPvdxUX1UfS6zgCkcKszmuJy5Jmje1qQwywj2xqcT",8086314
"JBVeMKcBJaABo98SnfTZQTAeBTw1YgSUBjjH6cSM2kJu",2243122
"DNqx2noZyTCNQhqVY8qkAvfT3D3gdiwKVT5itZhWidog",7689190
"BHeQEzV1DHvBgw4zareajqvzjekmagUVBUybf5uKotY1",8341529
"GuE3PBiSonwHcp3R3YsRtipULA1rVhYeGqt8pA5YtdcS",9541606
"G8kP7d2irFnFPFMauV8fnGeDvC7QEu4AEoEhFwS9KDyz",9359287
"9rNjY5AxC8kxJdkoNTkRdrUCjHDHzKNEFVX8XhLwN9Zt",4919420
"3Nnigdo5BEKLwzjGTvVvPuu1BPU8VxJy4sQoa3bqZLhf",3173408
"B6JhnQxqtj46iWiGPhdxTTNW7vy4n5mbc66aNYwnMqa5",9146698
"589dveq4ZELVzMqmBJiei4eDoUV67isC8XiTUsvbFqUP",5539882
"9mCzwZWbWvLTaG1BY283CZru9DtQTDybrFJZXUpvWR8V",2052586
"5vmHFRjqHHFYGeQAjSGMZmafkGMJFi6Uru6zSrh6QqRh",1985703
"3Nzgbywwu3S3mYkU6RBGFSLDW5a61whGE3JM7bRmTNRk",8752537
"ALxs46y7huHxgX7UQ4D82tt67NNDRUtdLXXKJ7puUkeb",2325239
"9PfhDupGMeyGD2THAADEfeKotbRNT8Du5BPizmrhBtPX",2058879
"72PRjq9BA1ZhJuazPgPB73cGdJcsFfrYQFCSz38qbYiD",9523416
"7jA99tsT9x497myhywScHv8Hvt8jAEkDBP6i34s8X9P4",3040087
"HZ8riaYxP96YwzTZQ5VQRmVTBXbEmwA3c1ZAQo22CwVB",4456702
"8KJxLNUow7R3rqxXBqZqsrwmWfqYhj7nNMR7E4RDqCRT",5167010
"8C8GWMexhCNrq6koDannMX8VCufts8cAxKziFmJvxDjm",7361151
"GCZXmoiEsH5U7vnuvCFwtbXoKmokmtU6j9KM7dm36Yuk",145042
"EfpcCKXXGa8Qap4TnMAsYrioLTaZAnydYrApCsvfz31c",6635257
"BHj6BzERWnV89dqNLoZyQfAAbBRUPWN9u57w7iLdpXqi",8913243
"Htq6T4tLUiqwo5EMPoV6vrsPqamKPbLYHZbmT6qTxuAY",3854152
"3QqoVBBramYfQoD3WRGeFes1VT6nnjHmMJrVWVTkxiGW",7123887
"AdRn3udAXrbVAvxhHmibxwFdmPWn8NpdUN9zMswr6AJX",7541917
"2CBf3kPDqdq795XbyXuxTV99jscjwA66dNYRF3GUSft1",7200467
"2tqqAMCAhuQkmU4Y3B7ZqamxFDPvcdMNXpWdupktL6sp",2744422
"2sz7Ydv5vJ3Z4qfU8ZmdJQqALbQGXVigZ1sLcgFDm1Tb",8985992
"DNbvf6nBYBpCBcZvNxHtDBBPtHLEJ9ib79iVDtTA1P67",6711155
"YP7RLi8xoD88diLVFd5WPCern8wKowPB9RtcSp83Nou",1751187
"A9iP7dM3Mdm7C6bq6qWKEd2Q1TEhSKC3EEcs4JyKYFuT",2342692
"Bc22XsyqQGqgBP2BeDXGkbgzR9LbYGu3MNxr31e63Dxs",4103094
"8EGqKySPixMhzUeiChuN2PRJ3FtH6Qtmjp9fJUKA564V",2456313
"73HRwQReCXtZq5hpbU5pAmfDxgcrAaWNTm9gMpFVZaSQ",1519560
"8zGfkL3Hr3o2DAqMYw1QDPCn1bMvNt5ZJXDk7mMAXxse",9268028
"Fbnui3Ncyw7MQBxdkY81JXvV22WRFCpLb69G5bEREf3P",8068614
"FtartaLqYShF1VixDZZmrcG3BXZxdYnJH7pzgequb7NX",5285527
"GLpgqL81tVjLcAD6eE5sRW7LfHvGe3CZq5NjdwuHpvv1",6950527
"BnxAM47iKLLWHZKSpbCWwk97GAEkmXpS6p6Ncp5bhMSr",4591489
"2DWDwzHfopZ21QbWLnXpmDRYDspTxq9W2tRVbpxt7GbC",3129093
"2z7vSRXM6bePYtcXrZDhio5DfFLbzvoc9ZBxrthLbhUi",3847292
"7Tyyyqs6mUe1SERgismTh77CW7DXRSpd74FGJ2hvgurr",8460094
"7PVeohaXR481ZX4GAcqCaXBn9M5cb5TMtvqe1rdvjBVK",4493473
"oLJe2JDNA1FwGMoip1ABzsS5A4HmTKb9yCoD1P4WKpx",7398906
"3TLweqnJgN5pbaRoW1jhaFpFHoVP79HwvviNdFXbNa4m",4377205
"Uk2Wbv4ErVVQAcbBwykjif6FGZnizVdkpyDf3zv7dR7",7531273
"2UzPajDZkuHebz3bgjyBAuLrcNyiyQiQX1JLvthZ2G1Z",7778599
"AH3KeQLJViPqkUzTWtPFn3T94AZUkUDzPP8kfDgahA8g",3637966
"D3NLWL4jZdz8gxktvFLx2ruLHr699DaHp8CYcnn1acNQ",8726479
"CKL2NnRnt5zTVrGv9Boud8aUoKV5o7HaWS5ipvtkDUVN",7961280
"J2tPfqQASR5GSYQfC9bufhUfRy6UJEhx9N2jT7BJpeBz",842508
"FHagDDhmbkB9zFbHv2NrhAfhEK7QFxx1YAW5YWxej5HU",8782109
"DUs3VeLJCer3uXWpSzzapPzqoq23XRJwrQhwDDxVV2vS",3818172
"DXqYzin4yDB4zvKMqnaMyj8ZjwYnVJZCnXNDhzE65jyz",3323107
"7t5tchpTKqBi2KkT4LwEqEzuyC99WG6pgBFs7oh8WUcY",7546794
"CYBh3pohfL5bCtebzddVLLNYAPP3tXFFyJKqTvjmscQ3",8606511
"EUYBUspnF1aTZRa8AXfKsu82UjozxcJeazL9DjRmCvZF",6831661
"5YYhjfEX7fQawSBSdLro4xeKbhoQedsfvALguBJZyCke",1231089
"EUzU1kJ7X8cNgE4e2eLHv2HCmmq6Vfs6Ektbc3CcjYd1",4389265
"51ttT7URVdfCwBgjkoaEmmtzFGDdbVPeb9ohRhyjPJsB",6164952
"HwD2tLFW3X6EZVMU4MaLzgiTKik3a93qKcENAzBXvYj3",5433259
"8C2iWSpCdA7kkQJfWdr7maZP6b92hXPemd7ZHUEb22r6",523269
"CFBbPiVhWid83y3YZ7KNXUbB48xbbpAF7h1fWYZBSV6v",6741782
"3B2wJbczqDeMMCoKJFA6PMnAkhjCjSTWQ54pqXQuy5Ju",1955570
"CfZghARbUXtWNN5mNSWTAMvWZRRPSJq8FSWq7B62Pv9x",2882505
"9m7WEv7F1hAGpuqJjbVh4eMnwL5YcbVjpbMMJbsdsKEn",5740955
"CQ8WYfbQGvyqnwpT1fVjCZ3NtbdGRH6N7yjcRw9J9iL5",6471849
"D1jrEhm4P5tkLgTMLFkRsYk2dAMWCYf3awfewRBPwuwa",2542719
"ELcvL4vAd5ZZNkAsNK53zBNjpJavj1cfU1GRNGK9UMaH",5117233
"FREEdyv5uXBVbV7VocvNso6UF6xEXweoa78abTS9FQAi",9721312
"2ijUWPvb3pU79vwUnp9QzEzS6DdQcLmMBSh65q7Fc9EQ",9785520
"5y82dXL1PxmVoUU43CX7UMrDZo84YPfkHuQWn5UUfvqB",2712005
"5gcG2UqJ6NRKksadFsgqykqoGxEnkEhjRQEwTJBdTX4r",9055287
"FDBasFpcCfbi29ge2XChGJgA7WmDEWw2uC7pcEWHh9SH",5976782
"UD466Nwziu2vWxRsoNcmTofUWuoBJ8T8suF7xWspfuJ",4411223
"xzjQkfrgvJRWKaE56uq4hFe1b9Vw5GLknSyFKkUC1ee",5785523
"F2AmMHkPV4mfXSWNQUsdZX4fGwB3e1xGqrxV6qfzkxbQ",132642
"6mGHyGRfYyp4t3yQaTYDKDy2THJyPoMS52SjRERWH8ak",8521379
"3RLBTVLgCNGdKNsMem8iSk5okzejhcBUPGvvYkxPrBr8",5347136
"Hx8erqUj66FpGTLv2kGMuHnMg4QEtoee2Ra1iWYgz8gP",7007099
"4vTEhKFogusBKQ5MQ1Pp5ZS5vYXLegB4ASU6Ep4vx4SC",6370732
"AHAsC222jsZx8BH7dVusyGD6dpUUQetsQfm5ao5ENTxz",4242122
"FmDQm6YvAiA7WZEGrT2Lpsp7FbpR8sxZKXywYPYUD2JE",2711424
"6DRhRj8gRwwqbvzGdDw3Qvbi21QdVKBR4Etpndo7vLXS",9570330
"GnRt3NiQ1R42CyAoPfsKp3AjCG73kW3zsuCsBXuzpj8p",3404377
"HSL9HDyBY2q7S5Miut2jPb94epNMZpPYmwxp54VQuvbM",666149
"761sKU2kpQGxyKFgjAFmMR6Dt7ZApB7zztyXYE6TYmEb",8354117
"96wq2maYtgsWQn4U2tv5DhTCfekeVTVnAxM1KnFmWDvx",6318182
"G6ccjQJv6Ei4kmgJBHxv8BVK2mFcdnzC2LfQE7VDFANt",3569027
"F8nwGwCR2o8nK1QtboAEypbzaf4zJfYKyUTxAC5yuif9",3878381
"3YQ1TZpXEgWWbW81apsehGCSWhzPrvkJZnx91TkL7kqN",826243
"FbV4SokaJihrhpoa7LjFtxXxx9DioBjrSDfBJsmVmLAR",2190950
"9zyAZR6QSKi5aRhhji3U1njpSZD3xPGoUCtGmYmB9KBo",1671267
"9rCai8yTjGR2BSRooRn2YuvsfMBPchVznYcCwPmFGfHT",3406793
"ByQ9kpPpxmdujpE7CjswT6XqSdtHL9BsuuTENAReswMP",1735180
"8X4fCAsKZ4EzQdW8hgfgXqgcViQ5i48qVJjKNdjz5LP9",1504823
"BVAZFV3iparGofFe1zfQ7fAuLVG7ANFyNy4pbuHiNiZU",5709173
"2DkFmHYvhZTRpyCkJdc6YQ53zHVufNGKZiv4zwzKmFK5",79103
"EoU85oX783gWwWSoiEdnmb1hYYXxV6FkXU1X8DjkDkZa",8182909
"zuzkrtqD6yRfY62HmmHaN7kZ33H8FNZxoaRMRJ92Rf9",1699444
"6hehQz1nwCVH5MNWGPEcsGFiSNTJ5sKUdVsWsLxgT61a",3417714
"9pMUseTEPFZ8fdjLWcZn6iWgXVXWNY96CiMcPVyYuGdP",2205391
"EQq1UpWkRosuzgEM2e3MmaUkFBRGTk7v9Z1UtvpkufTS",9466492
"HgzuvMSuvB5z7JfPR17n5fVqTj7JFGBUgzzH2QkhDHDW",4339638
"FunCZsutehEZJUU7tqHKWdSYNugKpwhp5218TXgF7i4V",1720376
"EFbD6RS4YZqLNC3bdptDkoCPn8ZsnBdkSoBPxziy6S3T",4312432
"D2N7jDSdZEGtzofHdTLZySmuEo6jn27UMUwhkLmp49a9",2747284
"5u7TnMjUPEQMEbMBRVWSNiLy9ThcgHbCZpKQsMKWQsN",4543023
"HVYcZtFVA6zCnMaioEZwhZQaSuKQ5uA9zrxJvqMC2WR",3744870
"FMJ9agUEqWTQmhwbDsnSXEG5FUzw65e9sS2xrwHcSo1h",4843439
"6MiCRnXqt1ZZGWKA6wdEjSwCzxTVTQkeWaMmi7ZPhL7y",3114321
"221YFVGJd3isQ5i2zCt9DhqqRtmFdaM5jBqHD1zdtLGC",4335300
"A78YwUe4PwcMVExbhQv6RvGkZFssGoM77UWKFaoMQSAR",4244491
"7xhwnqsPYZ8hixzXi2sZUFyTC6KwJZZp1mkLmBwAzv47",4837340
"E2asxeh92gbzC4sp4iwjfSde3GrL3KjGM6zgV96Efzft",8588276
"DkvifBP3PJ58D6891E5fCxotHEqNHsbyLLUQZ54opg1J",7703192
"5KtWjHrWvA5q8AjidXUWXpcotzeU2sFqqzY8Ji6WaC1S",570100
"3A3Md6SS452Vv9iLqXUnUh2Bgq4Nbbdd7DHy2pw2PAvp",4872499
"2F3rJRVWX6qW4epDX2fAfMWvh7QdtbGV6GtXi4xgeVBX",5526672
"HQg6GUrzhCfMFqpCUw5bvxbyG7KxRGb9N229ZNqLyMTw",6901520
"HTQGrLHqcNsVgMMnqdx5M4qfKvZohKKePhvsENc3DsuS",8244080
"BYX9UshHz2dSizKgwDzGqyZhCYbu1JcUDstxQuNyziab",4539882
"4HNczvvgm9eqbGRmdYscvZYD8pFuhLrhAkFSf3cVKjc5",4883774
"J59cbUJA1xuN4VJrtGhFyZzB3P3QJgG9BWihGU5aUnYD",6027749
"J1mjJPL8JR3TFUEaGke4oH9GRNhqRxVGPLLV34hLQyfA",8338606
"C3WuB6gbWoxYm522vgC49TXmDnX6ZxrfuAFoUxktdTdA",6680976
"BREn3B75J7nj61sZ4mgh4t5D9mCo9P9AKF7juGY3XotN",2053853
"AWxLB2WWcdWaJHEMWShxwHnPMN5SqXWXSaNGb6kMrUKX",6783209
"9MvaGEPn7KRoytHsGtaqY2STWCECCUYMtDBK48zMJtkN",6763251
"3wX8QRdZpB5jMwScpaoFUSMuLURjMUJakmHjiEab7UgL",6360501
"3zS7AXdfAdHFYiiYxAuxhEMc531qsjd7yMAjEzNZDdwx",9976038
"G4AMrc5xnPWa2Zz1g7MTMfH7zMq8EipyCB6zH5JgRvBY",2251811
"BK7XkcbuGcqBvq5EgXeV4UaZX9XjCAPBsm9ghgty7Ubq",1941590
"66DpNnzUnvbixDgZunkZ2BfvQQDHLY1YjgGJAvcvhPNm",1963402
"RobiCPt4aftpPtqXvciDfs1sccayXX3DigSf9aMX9Hf",2726673
"DBm1ZbDeEpxZPQyGd4PdYUm6AAXW5JatHaJCqE4sWR1J",5385613
"4wDX46Y4fy3u2hCF7xX5g81bwm3j781iPwtV4ijycvFY",4992494
"FK13cCPP8c5GhiPrhVmJgfN5zJW3w7rETaRMVQLWsEiX",2080441
"4SeaapxSMQYQYMnmhgqe9Ljy6SXqSf4Pata2HvA33JiM",8663763
"5GV65f3anHhcScZ4hhYhMmH4CPgPR2RK9rvsSoyPWboV",8434562
"3xKsEjB8N9jtd3zaUpdzyXgHcArNHzX1ygJi8uV38szW",9413496
"9Cop9qtzYWduAbyiVazPpuR21dg3yA4dynjRNDoaRmr3",8335269
"ChDzbB28NQjxsrRp2SQdbANxC2ekfZmv5bCrvnsUC5xh",2772274
"BJAdkzHqVemJZuHZzwqQ4Xu1SGZ9neyF8k2VEXJBk9EL",7952002
"HTWST93Qy7pjtcNoTmvGCQLP2R9ymm4NBjYh3UoaoeH6",384683
"7x8x1QkaWhmXKfqXeGpebdJ5DLMpwqVYnVqcp8w6ZmPo",4527599
"DFaGUXjDZWfs3DQiFNCgxKsBQXRC5CBCu6hHb7bYYP5d",1903865
"CHix6FXWBeJaxBnxz7NZwNrFsMr9wStvHJ2zZjh4GjJ3",7460080
"3BS8hpqJMJK2bL9T8GXN2XZ6fWNsgjWE9Z7aKwmUR9By",7777850
"HEFyX6iLZWCfRq6zdb4FMYTdD5WL8vt4A74tfeShQ3xK",6488094
"AakCMLGYwh8K3FiTYMF63TVqsZEhZZP3EPusvHkaYeER",9771404
"A61H8a2y6prwhvrKwaLbs48TJDmLLEGCqyfXxgSMStHE",4619451
"8UtGzLaUpW3HkfhmBnFVrqmN3FjWjvG6dxAMqCArcyun",2139897
"EwwpbssF9M42sTy419qACXFrJAKmrar2m8LMxjuY3nc9",7561916
"DCHgQPkNHoXVofzosRUgYcT57GXSL3ryeYrnQxFaBRa1",3822818
"F7JXmjTDZp6EkA3tkDqBYdyFHirrYTQcv62fE836qCxa",593894
"EB8dBfCQzSEvCbYbnyu8Y4N9FKF65oHP644XqYdYDKFz",9134926
"CgvCcZybbfvXx7oVQafqeXaCAPpawCG6rAu61V8q9fMF",364631
"H2oXo1Aj727XEoAZ8dpvGD2yycfWqYcBVgFKCqv3GCpQ",493810
"9GrRF6FNw8Dp44HEKc95noB9K3KS7JEg6nWy19DaGBj4",6009670
"Ewr5XX4QzCnFqgXLei1ReLrCbHWYryLAn3AZNsPx2xH7",4695838
"2AnZVruxTei76fEGFwUJu5T4cN86ihw4xn8BeuEFdNjZ",9417373
"HVSKsquwgUEjVYQmEjRMfuMZasBsj2M8MF6NkqvAVFDe",851404
"9NjTVpWBRxgrkyqpHNqdgNsn9xJLfS44hXYpvXgpzbdp",252901
"DbSXVyzJAGhATzNeHv18j58vbwiD5DBHQytCoYWD6JVK",9840620
"7YxafDNsXo1zpr5AvrMJqH8W6gAmhpVoYaPrgS3ZK9fr",2114988
"Do9ca5NLeh5mMdPEG4SNrf2ft5tifwzE9GsTZaG2aqLZ",4586733
"94gPykorMjxRsHizy73PafuABXgvYWp7sGGrMDwv34bW",9624021
"BLYCHqPeTBxk7iAyJvfpkgkCwoJoW5svfodZwuzyCYMY",8876642
"HxFR8yYiGCTnFkncqjceS66HBWfDi5UaT9oPznV4pt6B",1962151
"HvExgP2zjUJ5EAP3LaGCUQmKaNrcPwEWdyooFthZMCeX",8366897
"FPAaU9o32QG9UiehNXMT8nmKaW4Q6kn5k8aPCDJfGxqS",2193899
"2KiiFvX7mRhG6iLyPHhLek9x6nELKEXJQxyMQHPKZ44H",5177705
"6CQ4wgjEYC6rKsrHQgUddkkUVWyYruej3PDD2H7MJTa1",463176
"CNnXuNvoT2H3zYNuRmbwT2xG2UhRxEkVkLrqw3F8wHG4",530903
"FXr5QwR9hHMGfW2BZ7jzZn1pDAK4HrEzwXRkQ2unDLEc",3174997
"AwfMVFtYC65jCwjSNPHtjF3yXXt2Eukxo7XUeY6hV1DY",5769026
"HCupB92tnt3XnNzK1CfBGntFhE6JmiJyvGSZ3dZYJjqM",1151845
"5Gxj4h85ZkRgtpNmadTRBXJjsqQKLHvUP3neat1aLNZA",7243076
"8gZkD5EQjZXShDshU2198WKCCS5kDv65k4jhws2hgXXQ",2920818
"BNqNtnLBAR2yVBkuMFukEkWxkwfeA8QHCLZvM7KdHoF1",1430408
"HioFQqUNfuDvFUVfF5KxtxsaDGeWzcFqbMN45FSxnXWm",8762230
"gqip5zsfYKXRe7A4MYtkmiSd1cwwsUPLMbZYq7MSHTR",6550556
"6cwjbNMpbMcVSRkccE4c5qQ2efGM1QvRtxUd9f38xoTZ",6302829
"9cV2v1SpCJ89xUGTxuDhQ6gMoqNBvmRRBank47oXCyMt",5018268
"5r8cUSbp1iQdydpxirQLaaWta1Xx1s2fgooVSvXnN1Sk",747530
"597JA1EGubPKSCSpXkHtjX7LD8t1nSyHibXkg1MLef8A",8786817
"5kmnhNrk1LZyQnZgMq6fQyATg6HtiZcBsNJnhFpxDVvS",5142536
"DBu8RSzpKTdqjjhqysa7oiXTWdbSFdDp1zfp9DRFUrPo",9952902
"Gd9kSNoPPn1pMuZiEHUVPxHFN54iCpWFMKoLEwcWmyj2",4915759
"5EmXh8C3W9k5SCAviTEAXSEvRi1963rQt2kCPS8Wz7go",5473750
"9SzhjA9SBCUYVyQTEmJQvxMvNGoUMkdWp4yp6Gt7Xtvd",9572392
"ENoMu7YnfbkvZgUGUn1TUzoTzqZHEiA1d7VChfwZrr1z",7124719
"B8wx5SB8cs95xZGemb7jYPcpARjDgrVwhWKWQLEy5TTA",5186420
"2iaJmfnBSpEDPSpDxXoxXjqLPKyPUdYTVWL38HnoiaTL",2735807
"3Yg8E6NwYVVLBBQ6dr6yb2fLXDEKqQmnRtXzu174vFb7",8531595
"C9a61C85CCvVE2zb2gYYWrm2ePJsaExpzQMVbvvYyLDg",2997318
"BygzjiER6osEZo9VeaU7gi95Q8sf7j3TsEa5u5Kj6yD1",5688310
"cefYeNq7md13dryhhxoAuDsv2N1KvToPiWkRetwdqBZ",563075
"aiDkLcvWY1AC1zZzMQhnH4a2t6QXtkm6T22QGhHGrmb",1083104
"BRGZRJiXXemJJHWYHe2bxKeDfyyAu3QLoBdYcdrkd8ge",4148320
"C7y1Ased6RpNLYtV6E7cHxE7P8T3RhhRnzP7DkLbxx8g",7725245
"HtkJhXSYajCNPnddrFfbspdzb1he24qvbpECXurxwQb4",9230147
"96gm4Gnx5mEadpfJjPJGgNMWdXBqXecJQvGv911gFZ4W",6994319
"9Feeh2onBaW36Kcmjvceo7A46Vqw44nWT9mFcnZbZnEX",517311
"2SaLiXM8K1QFFD2tAxcs7k61YzkgYyajWQwJPmYstFMq",7790773
"CrxfgghYMuE6Ytb55RCt9DN2xCjdrKeZcRgezHBaNyCR",8575975
"4A1zJBUZ79WeAVf4Hkkvm8axCV8UXwtgvuy45MmkSqma",7580113
"JDgDMrBJgeQVHwcvzJNhqC5kzW9CaJJMCxh44XBR2tYm",2603507
"BWztd6Qhnk1HMKeuAj8JzE91eAxqpQKQ8TjtHGmwBd3S",147743
"HbNkNioKvJWRDNNofMRPJ1hMGrZ3bJqniGMd7TrtLYY5",9621692
"D6xaCnKDxD347tTG2GYyRsPwUKtLK74cxVcMEXzNDUUa",732144
"EXvdsHjiKRfvPVjuEWBnJm9548GxTXuh6xxn1Us1tK2H",7009349
"GdLsUiEezRhrdsCkXVK3eM8LuZquDXExfekxG7TnBm6",2432642
"FxCWoiqbt9mPKNDnRk1QN6QBfJYczMridNEedsJNzyqj",9580683
"EfUCJhPrH43QtRMNEZ4p5WtStpFvDQLtbqWz4buhypML",1622761
"9KtmPcF37fkfLCTms3JWxRfmpeFcA4XFMqsqT3XVL8yV",9071622
"BxCXdRUq7ohi3w4ZuRyMJXypcpiHL88XL1Jp3NgZBVfk",4107168
"u3bNne1VhvYuqMa7tYm1Sx5BErYQZR45AFQBrb49VMb",7186248
"5fPjXdtizPitUdR2fnEWjuumrKhxc3kotz29aEZGxnEd",8536868
"9pVAynDsYEPyhBeJbSxxodrJWxZdTPip8e6NEWBUTMNw",9652710
"A1Qvv46KFP2B2LDe5NqYqgM2vFygN5jjH3mVCKpGCNyH",2940059
"8XLbPDUjsbUB9kcUZvXS17UvDpke81B1SNc7DDi8znc2",1899984
"7eRCRT2aSHUzS2WrV91EMCeEz1BYPBfWVuuKAHdmDfBj",3593220
"HwV5nyweozz4HbGAYZfERuLs7i3CwjuubpQ1FhQPjznw",8208734
"EKAHrEDEnqLKerkzFCqXxbh76CKodMaaYCkb1GkVPTri",9955081
"cLYGw28DhVnCChLDZMC8EGkCrDKW8Zt7WmphoX9u8M6",8556841
"5zKbcN6qepvoEkkzfjXwLxf42gT2AAB6odqjuWepcMUF",767117
"8q681et2xzCGyY5t5G5CbWi9W8M3NcufPpLidordp5w2",9164222
"FJUtr5zo7uT3Q1zndwVbuem6Aph6SBS7vBWXCjVDVV9Q",900574
"HJ7cGtVX2cJqdjkjfc7e1MirDoTDcR4Uhx6NvL2BwbvD",8658871
"3zzbHtzSi18KX4BqPYzNU1t2A6MLSTW3oYwFQmNadR9s",2086088
"AeBwqkZtk9h4CWLtyEC6xvJL7R9ocZJ2rMbD3ErRDPZo",7348494
"2dRtPLkmueJXipsvsxM6BVi6gBHwRUYp2cS4SKZQJsgq",4828170
"9rqryB7ir3QHuPGUCsmfuWwbDyd6ieEVT1ZaeZdSBP35",6139139
"5xz4nzsWJDZjmL2QtyMJYmFfJQnX6gdsAVpCDSWPBrpY",4800214
"A4HuB8JSp1Dmh6TXDReRhRvie8vAkUygZLMT4BtwwdYw",3274719
"EeF421qr5nYKRzY377MbjqiSA2UgU7zDvUkrYoYrLuJk",6463549
"DDEcWb1Q3jXrz8axvQe4sbPNwdKjdudkDtJHTNC1C35K",399081
"8NJ4LkiJGm3Lt6ix834aLkJQJGVPcSjVPVDmH5yMxBKv",9959326
"H7gZkHzWdFTynm7AqmDKyvSjapHh4Z6zEVXGJ9EU5pRF",4293843
"BuuvB5mHBzh3HvvzRuQd4jwwuW4j9M2fcpF8znuktGP",6879856
"E23eeoc4V8ei2JLW63XswxNCo5o53gxb8vxyoHAepDaq",2542613
"4gqUhsaV2X1dJbiRvtyLFodRRmkHKeTMcJy7c2Cc4ZtZ",2715059
"9WQMwySPaQYbMxAo7wfENXdp2go6w4z9fsxfuecvabQn",8113994
"9yq6BGZuy2GFPp7ScgNY93oAnnyz5Rwtro5pUBPY1CbZ",9342544
"BM2kXBi6VFUFF4gNdzd8wXmYsiafarXdj2CPCQGWqD3j",242527
"9Xs9NxMKEJ9t2LX22fpu8yNc6t7GytAACrpp78RymG72",482890
"2ppcNDCxvuZuZNA4fL7kJCmnuoYhqcHyzNdX6YFiqQSh",7228837
"3kXQWs8SWQzEwaeibs7HEazzMDoJrLSiSqE2VCLdP2YC",3630082
"5wZP4LCbC3pMqaJUZsxJYaXTpF6rcQNUxfchJ3naxQws",2471808
"32Cn28WEn1ZmWvs8ZBmXxyEjsDBVez8jneddkCW2fYzS",7660160
"29KTRjtvrS6QM3xZm1xNB5m45U1k33DJ2eZGe73v82jQ",3607525
"2UFQp8ekfKt1C8a4xiQPtNjMTRaJ6sqKfJnwLaqUX28f",4303817
"bYixjJev8bLtvLYzPxJ9ShvD7GmAZDrpjzvrJQJ9rJC",6743410
"3cA3Qweph8FBuQVt4YifCy1efSXwX7GJguBvy3jtrMG2",9941057
"53UtqjrzF1Nuhv65s9WkbaPHABc3JuoAfb9yuaewGyo7",2218127
"5NtXPwtJNXhpYtL5UFSBJPJLa1SE5zMqXEuWJbUKoS7y",1119391
"8zec1XMUvizdADQzLu4F8XpLujv3kXM9T4Ja3kcU64Ge",6248041
"Ht56hwxekLvqnzEeiSpBx4w3w5Z3DBezp1dqQ7AFs8q7",6720386
"2nvDVbS59S1YT2S5vPzAk29JzNNPeHijJBb8SPX1eehJ",7285606
"BYqk5rRrMvCv3VroGmPhW13QRbhZh1syRAQSujiaipJv",5779412
"AXQ2W3daGbZb55ZW3Xkgv7S4HK79KbjXTma96S9MAwkB",8326876
"DBXCK3miG5ZMs6Kz1RQu4bpZGwsfRNAAW9WWUxvpKnVP",9100490
"54w6gekKxGj5bZNuEPsGtxY1XdX4nrV2oct9FkXMQp5h",6932007
"FavoNz5HNqV78pgn5HGTKgkbXnJX7YAmb7LzEVYGmrBE",5531581
"FjDzZRBuJTadQdx3BJX7KngvmvmDurciLUDrLJm4kA2k",5186456
"E3ukYSTJLYHYpmHPXENms9Nj46JgFsX5N7eh88VKpe6Z",9609891
"BSqnkZ4XZgH3ssNTBviSDytxDiHrEySVvXEM42aBTLLi",6113752
"A8KwzBU3a339ZFhGbV8TbeD3YJW79eWkTWb6X4P6Y9aB",8819903
"6yMsDEMgrNdyLHU38GdPx4QQa8NhXp6obFpw7tbAZ8zL",3368685
"G3ChcpjPa8opP8dJEMn6i4YowSqztgBLorprwRnnk7bg",2737487
"7G8ofsdibtdtsfSvy1X1FgiBm5gi3Bb1YNPHhdRjxU6H",1997506
"AXNZwtMtnbUNYM9mg7AZnA7pZ1oasbeTvHr51ipS2iJC",2449419
"4vVKccb1FA9PPPdyqPhMk1xe8QLNijw9k837q444fGMd",8346744
"HAvgUeX27A6E856QusxP76R3JieC5vGx5napxSnhWp1s",8770394
"2HeskWAVxnWHVw3BivsTfmGWJBao3Dyt6Hbq64QGxWbu",7598149
"7FtwsE7DuK8mVfDe1bGujBD6Lqaj4PsWMv914RPK5TL7",7428249
"6qJvHGk1Ni4odjA6Xvf65pD2KiXJLvNSqAncjq9stJqS",4309294
"B9Dw95J1mSuzbHiqX6bSeX5aGpKuDeG6HEuuqGKfDwWt",9762159
"As44cdZfWy921SGeV2d37a1qMHa4VqNWsgJogR4Ha55P",6090325
"94MPyo89SXGU3rV62wgvftHr6fH7Tyks6Hdvfv5T64xV",9049218
"2pQBXfp2z6i3Ls9onjQgTQ3ErPsWuAbU2HBZ4gPTQnke",466873
"8TuXyKWdvQfMHx82beKv16Z8eCyiDGDPks3mHBvj8PRi",5507508
"5MiYpujRDULHJgVQLcPVVUMYSTPJVaAeg1jfHN7hDWKN",3914579
"6uxfbRmEShZPb8AQPLhfH248AEVgyWGUa4NuyBqEczy4",8842159
"Dkhugkve9tEnmqDbXmU6tFH1g4oiy55MLPspc2j7DURr",4488274
"BbA4UNNLajiLDHnge1A6BMM6xEoAqKHfi9wDiTKXEsQ8",749647
"3atPHvPqQHXoHhZtsujLvR4Maykdjvphh5cQyZki5UHW",6540170
"3Xr6F6ntA6bHCkDAqV9UeNtbxcaepNs1hE7oF8tqGYFi",3405789
"AgXqW999TNafvdxdYLiXc3XRji9kYevdTgr65VuDSfgo",3914485
"5xShcVHi7KWNqdmY2WPLRWfWXXgLjst7mmcM5YqNfcDa",6820539
"BtvqrKZFZv5scjeDwbCFrA5ywAHMuvTDm5kKQ1nDdT9H",3907879
"9ebE6RpQMQariSfbL2DuxGVUWjckfBdT1EYRvtu9FUKK",2885357
"98AMpoPNMwEh1dYKb2AZi16CVk6b8iSVifp7XDqc79B7",5234301
"FFrEWPNRRfVnubj3WNTseZGkJmstas9ZcTw4g8zx6Qkj",5803690
"FvocKqU2ahGyizydPwxKSsQV3FV6ed31SqaKKvbAohes",4792088
"X1PGhrD45DaCPros88q6j8tcwWfrZCf1PB7C1iXBVdB",8755458
"6qsait7T4VvB7515g8BV2VzbdXWwx4iJPYtDqkVcGQ3K",1366460
"9a74qsG7jRBZhRwTresMBpxsjoypBFbPB3MHMYVvd2vN",237658
"GPg3gxnwWdtjir3FqQYbgiLzX424ZQ8ynxgFUfmRfmzV",4432019
"9hi6rPNiX6d5eAcPshNhAPRMmBRWT77c4XFn5LGQivdi",7989710
"91pUBDuVniHE6HUpPfPqxUZQLC2mouZUGX5ENbCvpt99",4592293
"BHCgHcmNLHezpfyK4Rm5og8w3t6JE71VXrn5w3N5Uxxy",9221380
"5KZvEQr5QuAHqY6LYKCnZtV2LRAUk174sYhBQmpboppi",6999546
"AETH88U61YHjEdY8CuzBd7FuQyjg7HDTw5FUHiPJoDq9",6049543
"5uXcyZrQ6N1NodWmwAi5oaSbX8YEsMHYfmzXEpfSVgez",4832159
"7jYzehMrjazcZVhCciv63w8Q6DXxLN9mvsMvfnK9W4tB",6839808
"HZ8SQy38yaa7JwQye2aQvEdsq9pMD3CEVwMLc4Kg43jb",9040835
"8mfJtZGvonAiZ6AyB4rVfNR74UwSpxpMj4RAtYB3fnss",608075
"BxX1iUKHtYstkgDuRAw2wU41rHZuiU6Jua8bJqFuQkR6",5145597
"5Q18fKmonRz1jHrKt2QUzGZfwckkLMVWqrpdudsrx68t",1807328
"Cfdze4uqxB4JTzWJ3XM3sq2sLXAB5LYVV8Z5WKdAVwWN",4111228
"AEK9hosiGwztQB35QFnL3Rm3bKv34zYE9SRr2S4Pb8t7",8307318
"7FvGhCSQLhCbHSFbnxdb3BgMXNwyqct8HWycAv7ZAtW7",5401771
"9fWc9NKmB9ydJDTZBeNt9cLzgxMtuPWQ1uGf5pzpdZyu",7592641
"DQje6AVECzvHPb4DmhJSRi3g73tqsTRJJHbSdCLF6FvL",9113425
"AxgYJgGBo97wLFCG9U38r2Sg6sz8r8LycfkmMF4ZeEvR",6505650
"4L1Bx1yhLFhZJEEA54YkCjufTrnLUHFrkZnCpbHi2vuN",3844325
"EcmfyGMHyDn5W1UQWpcc8ajwNuYBrfWxJW7pYNbM65TQ",805561
"LFzGowJhE6r1ukCznYjWBzSs1y2esGW3fnQXC7R1yBB",1669639
"88xqtKVcQVZ2v19nS5VWFSoTAYxve7pxu2qa1H823qa4",2522010
"8P17hEQgYbkHUMe12VxtGS9Xc36yWLFL4xFzYBmpYWt6",1154945
"CmdcJCuZLkXRXwAcTxVv5TwpGmw2p1AFMp4okVWDQiKD",8067119
"ABgda5Nk4x1nrb9LuiMsUAyLMx4d63ThgET8ywDcBDnF",638667
"2gQtmRCzEAVFZk5v7z82mYcekcEK9z5nDEfUT5axgWdM",3906628
"2KrEUj4XimtBY38paJzfC55hEKks6ZkJwumroWgW7b82",9911136
"HopZ8j8xR3H7hpaA5RYZRtR8m5Hy4Txanethfd4t3mjT",301302
"6sVHCWLmtcm8bBnynSrzzoTzAbCFUZny1DVBXxjrTTE4",7303521
"Gd4xvvd8Mgb52FbvVYuEF4vkTjepAfjyfGEksLyWZSyZ",4051904
"DEQa7Q8tpfnzpr2wWaiBZ2Z2A1oHHEf6WJ1Q5WbxCNV2",8838041
"5948GfKmppspgacmuMnME871HWY3NfjsNNsUYFyTtajq",6875722
"H52HLbjDYVu3BNDX1vF8Fzd6kAqa1HGnpoFRL6qhmzWs",1682007
"ByKRkguHpuPZr8BVS5MvgT4PZcs4ehS1nAk31U89JWaU",8133997
"73H9LcjrA1qm51fMRKUSqjNzMcZqcodt3D7vd61URva5",284575
"AjwYrwMz277wc8sTAmNzBevYGLRk5JxctbPdTgwhv6JA",4606587
"2BGZzVvwnj3pCc6uV31Nj1BKrVmxprRvv2Sn3EnuAiPP",6838368
"2SvcCfUJuXfruCtC3XNN6oTSGXYWQCPcLR9L8SU8u1sH",6584877
"6wMm7gTLmSBiUmosUYwnZXVphwKy3LrXmhqi3K6avWJF",8372343
"77NhfMShfBfCaUGFhBZWRMHNKXR6Hc8mpFp3SrM6Mcfe",7294935
"JEEiP3MC519f1i9fHdkv7i2Nzdd8WPVEwB6aYt9tBWjR",6064155
"AJxYH5J4uqgtg5zxmihr2KwkXAgrhi3Cfr2YmUR1NfDv",574840
"FJdrGiSfcmmWP8tYiEoLCNaGqM1toiBQp7YRSgDszdZH",2117566
"DhnobgPeJ9DVUWeouVrTWxghkpic16rFfujaouDKkjGh",6765589
"7vi5xxjz464ZHLB6PTMHv9mLrCbJ4R8SSKUwBuTrZCfL",7179231
"2TSawpN9GtzjEKoEYYMxtoLaVSyhvW21spRHDDJpw75M",6755008
"4eXo8eAFAn9GrPd28GGwwWG9TnvPbvz526QisbRZuAzM",3401090
"AxgYRm9FsCpbwAcP6W6uj8RCPZuMBr6BPXcZSR2Kc7yE",5344199
"BKFp6WfaUB46JiwAw2Mm3BCVzKqkF3mFeeU8ycNfSpXc",9471506
"8GRm8nJChUFGXtmJJcD6MjmeTxLPzDKs179n1YzdHfjw",1992677
"F7f8T81b5vdaMjTKtg5SVhALAUEbb9vz8B5wr7APimDa",9177073
"FvivR8eGpmoaarbQrdAVyAtCCaykeD1pBAEaV4uZEr1v",5479603
"2QPydrvk6Udg7APAxzFacQAQCfsonCmcPyRaJNS5ZAC7",6190119
"FTHez9JU8YEMatwWXoWExeGCFVxqEHnucdiuBniJRVHz",9612796
"DR98Q1TP9gU6dNa3JqR2JgAbA3otFux6NvGY9Sx169sw",7166634
"EJZGb5mawHjXu4ccekfNjgKp1WBEUuSPt67nFnvNTm7B",3591578
"2j7vkK1VbySz4FqhcpyeumVqqqKz7eEAdXDz6scWowY7",2338942
"6SgTzmR7uDZaCRLPHwz3kJHbGBAaSLUtadjoK1m88LKj",5984135
"y2d1LtmFNiJS2oKv2ABXPrwAA4PHjgFknuJjRhRA6nB",4840371
"CBos7NLQuqZNqj9EYXc1bTEgKmtpJYgkqAxpAvTCkKm7",9942819
"8uemgqy1Jr2rdUXTDTZxfrYWbceMBNyDsHEHkjp7x25p",3235615
"AfmFEbBSDT4puqBdWP6UJtb8UE835kZg4MVUVe8p4gn1",7500715
"2hFthFvjrCQ9rZiYvNzvi1HfmwDwJfraEY4SXKqo9Wfs",5083912
"8Jk816XuiBwjkvXXmjVScidxHGZxHnDnuBDVjkXEoqDX",3015289
"3hrCw8c7YeBpSm4pS7PzXWXEBGkMF5fH5DdnRAngdTAY",2687019
"BjWWmyY9GR6oaKHLeV68tE4XZeP3CdT7cFVKWCNZ9vhe",5806536
"4wAiYaPHxJkvvpZ38B4tGLwMPnQLr7Mb8uhdtTPEQLHk",9146418
"5eTEpPg4xrCbEnKg52z2WnfK2X9aMwvewWqBFbRt5Aze",9218011
"rFtrbxXuudtRx7mAZLMwATcx3LmM3aE3SgVVhmPDjmC",5099229
"GRAcQVuCsphJTMxyyyBDEZSe1S3MMdJfa8fPS9CfDjdF",5005332
"2FHDqG7diCabmGZCkui96HmeisBp9Bs2mrApQzLaZ9BX",1927559
"FA7hNMMB82w6h9uMvimg7fKjqegpMnHUxkfnRQFciRAs",6654049
"LF4b5bkEPnHJwUK2vH5de42B2BQJG85UoLFz5XG3hGi",1454000
"4whCWyKCRWXUTTjtekwQHzCdZHpf9XA3RBav5Ntpwkef",2574497
"3PND78GG5cH4QaGFH2qWbPuGAa8r2C6Bry7MCUQDbALY",4065514
"ASAAX58h8AZXAVjz9HaQfwaH47ATnUn327xQ4aTvsArx",1337357
"8ATbJHdstDdZppWZqj1gyVSa9Fwvb95XqqmK9vWLwFoF",2476689
"3D7hiP2gTsyEjDvDjorDtFaq1ma3DBqppiP5B9FkvVo4",2197907
"hcbnxCw7VQ3cAXZFNt8sT8kJXDRP5ra6Fp4GJa4jKxk",7982612
"BbKFCwzz2ebNRRXT5bLa48tZL5HhEwziP6NfGyFDq2kM",8181172
"EF4kzeqR5qDrreCf77zXdCY6R3VT1HNbbr4z5cS3CTPV",6554879
"A6kmhPtCPGt82JwawwPg6kkDsjUTp6qJh3XRgGW4xUhG",2884069
"HMuDcrJD1KsDSfbMdYVAat6BeoscqSweLRfGsx9UAfm3",7737226
"776DnngWaRvXqJuFMccQNxnx1ewEKocsRH9VW1DdkSQo",8539091
"8XvGBNPJGYCuaseurNf1KGiR1VauP96kBRWPUQ9FNoVm",3042465
"4af9Wug9oY6r7tujw8HuVVDvvsxamnDnt395bm3zYeHD",6093716
"6eMniMXWwwndFR54kVcijiWuiEKANw79eMoG6q9vqBf2",2304779
"EPdWkeTmay3FZ9GMkvqvBcdHe6m2VXFfG62Mb3xnsyL7",3171318
"FMhSvUZZLutHEbi7YqdzNoFCghBTHFf1Qq9qtm69bNVY",4266654
"E4GPyiFQ7zdbhVf16pWh6iYuS8YwxF3Epg7N9tgvwwTV",9319534
"4XPXadxrZ2FKSGkyCh6sGunn5bNmCXXto98xo7cKdS3X",1320933
"CJ24aLSSkJboUDfX71okW7oGfxrAnQi2QJyHD88P5zQA",3085595
"6ZerzQ8g1hnGTejUJiocLQKToh3BsQpVRVohuZWbp7ju",3089783
"6LG5hDDYeN7SrzSQNEjggtXkJrgFs313BoPJQetUxNPL",1461850
"2Y7pockdpTseENrb1cY622Uc6Nv1L4VPbfPH1E7QZ4Qb",7085215
"5s7DasjjxDMyc92wadgaUQDXkfVgWw4jZAJXx1avvwR7",8993930
"HAXFaWRfAgTaMfGu6QerUUMJwEnex5nkrhpWzFUqCUD8",5480524
"ABhcTM7bPMqL1Ajt5LtUZqM1kNuKEyzrYwLhQCY6tHby",8848971
"GGrDjHZnyyAgFVYwwLJjcBYEkWrXYNe7w3TVswuCk3vc",7600864
"ESZubgovGNuvRCdBeFRNWzQNWKru2Mx434KKof2uf2Pg",4492024
"2u4fK1LLMGnmtQRaz5P1JWFsDcqxwZHe4foNXq5oahTb",618472
"DjfB1bVEKYoaNRt4p6kEGgePDS2v2eCq261Kn4vNtvK9",9023620
"CDvuFnnVc4ZVU9gxuHZiaweeyeU6E5sGs9fBNz79TwBz",6437881
"68dS2h4tNZio7rWCSgvXD1yBw9dhdatRTgzLTQZiXSLj",5335049
"7zSDvyStjcdyk58nWVrv8dDLs9ba8qMHUpT5xicgBY4e",1980370
"HYGeggc8VhcK3X4aCqNi9Q7Ur5Nxkwzb8v6KDeHmtGA",5610066
"Bj5S3xFkpUMhhiS2MG2V7oopp7yfQeDGKTPrcpSNaMox",4846408
"3KLx7kgXBSjaCBabn39NprzVrL9mdpqbvT3k7SBAPfxN",7460288
"2RZ6YGpyJZyBqECFyfFj8XZiE3fBJapGUfQSXeSMLixo",6317217
"8R9sZu2n16iu79maCKyHDv3uHQQFrBvCiGnrFYxpTRw5",979336
"5tL9JStFjc7Ev734v3A66EsDAr5A4VnFR3RPfsxyroUo",6139334
"E4Rn6peVRqGprf1Zipp7KCutwTigCtDtbbkWhHMPwvX2",2949186
"p4wEGm63HQ4C354arZEMWBk9RA6Vo6tCZdpfgoVC8vg",1042030
"32eNLq9GwzzFRPfRPYzMvVqEomec9AEZ1ChYDQ8bjZXW",6383093
"8TFsGLz3f1CkFVM2t8e8wZHGbNDNPTCnFtUFzmhRRZqt",8637775
"4DevUB6m5UcPuzBd3VRSqe9cn76xV1JEfgc9fmT8twss",2616787
"4qoaqfDa2zfg7fA56b1pL2w6biJpTCr71yoDmoKYv8QV",9791923
"Gf679fHTBXbUvoRfCidxuvAtsCBMzf91dC6oykzGdYF4",2085239
"b3fhb31Svgxy5FQNkm6FwN2XV5AbHJ3Mj9AzVrFnSfH",6076220
"7BrmZJkq8bMwKaGBPqobajZVSex9SEMCbjnAQqNBsBNU",9169123
"9RUQ9wMkVqvnnmkVr3wznuoUqGGs8EGb3S9FvoRp1w9R",1717371
"4wzFyUumGsY7ofF7eT1WoezrGopAX2ysC1DDjLSPFSLB",9479390
"CWjjxiG1wZF72M1c6HFchRSf97aUR81MR7PTGnc9aMop",7857251
"CoU8ydjeeFFu3Txie8ru5T3xX9yk2nVVFuato8QGZ2ee",719214
"HazTjGJ1RmYWEAVTFneha9kp6oNkwcZat4aMzNckDiS4",9057536
"FyRoan5EQzdpJWS8iz3S8DUgNLrjZTNtkqLyn2ReU2ax",2123989
"9swU4PFfDgHhuWoHjY7Nb8avL5ohGmTpQ1swKVEAdpHo",1549830
"5ecojfbvY8o8eqNFu1JLPrpBfq5bQAkgU4sxJi2tJHPV",8465593
"6YsAEzQoTaFuwiFu4FGUc9KzeB7vzqbdAGd8L9wSPpmT",1369640
"4FmmbyZsQWFUhTwVcZWkQPwrX7AXBeuNnrsjnKyBZcQJ",6083370
"BhZLR22m51EdvLmhP29yiZNw7K19QDGQRycJ44tidPac",7198834
"5ritMhm7HHN3fYS9aQCSeU9BCuqSXyveDXhP8zevMwnB",2517334
"3Uk2g1Y2PaHhGAfDepAjGJX3tqhiqCC3UjpnLatuw6Td",2407481
"GhNQ1Ec3sehSqQcm6G9ePZyySSATvAGaTp7ZJ48dQ5xY",2020862
"gLEDMJGGgMfkJ7rgnNyKD4YEy7mqN1i6zEsntkSQL8u",1982173
"DP8XMwxw9452ecfhSWququp41VxWqvoH3FtnygB2W2BS",86992
"B4KhpGzUxJ9m9C8GXNsmMAv2HfkMQefqpUP2m1Bi3baA",4919342
"HBZQPfXwakfkcaGtAq5fXt5NjCezcxwtGaUfMihJKGLc",9121610
"BgvL7ujkwMNoB2GDypBwgQ7bt6jc2qD3xQ4oWnKZrNUt",3020224
"V39pQ78VDcQBeMJBWx9D78TTi3qprpLjWHRXgSK4Nm8",1144338
"7MLxjeEhkVyNGjrgWJ1GA12kzKxsR4paJAS8v4jACTo8",57069
"7Vivpe5cvAVHdiDbK93NZtC7UvcaHSkyadD1wEo1QgAo",7504452
"E2Fy2NKXWfBiWcGTDuBS2dDZY6YjtuohRLtRNaYbKasL",2390452
"ih8kUuKgPCCCU8kRSyKgNBAH966CBEJ4s8vfTkveGRp",5203323
"969KhGBVVqeoS5KjhBvw3rwGLZaPG5iWzYjDsniAd1mM",3137633
"26bNVnsh5jsiSvzHsF3fmwYGvSbA6yMfrVNb6UH5qEZA",1944864
"6V4jv3Z3vhut2hQpsieCSPfqTgoBKgczPDdfJu19drYw",5379801
"6bNxzHzm5mRxuFExUNSxjYBfSjupjGc7ZABBoyaUXZ5s",3754154
"EFzXcmeFpTDRugvhDrcujKaMn18unoaTB9yaiqGN8zPj",3002023
"DC1kNUkmzGGCmPrXi2vWVjfW1UDeG8JLWBx3dNtm6Lgn",5189243
"5sWzHkEixEqqtwPN7Aw6ob8RouaVysQA2VcqkzgQ286g",259295
"CivbYQWXjqdydWLgL3PzMGkP4foVQ1rtS8zpXEVtq9LY",4594176
"G69wcdF3JzEGwXvHXviV4iEUcJZEhmwAhHsMLmKu9d1k",188628
"BeRAQssdx2Ft6DhvnbRdNdKdGeFg1UqQkpCpYUkWUueC",6831657
"CMoWVpe77Mu9PyXd1pAN5WcCCDGe13G4oYViQfBKKVRz",2390337
"dCxcQE2yUpDeALbp2dLbfizQqqL1kJ9KFbp8wbR5VbV",4870837
"4jdpCxDihJy64wrCtFUUTrtj6hNJeazZGoLFREkNns7R",455916
"HwfYMQhPytb4rva6ns6UqUpH55wURrcA2NqAVJAXyFdy",9968133
"8SbcUwqjmXLyDkVZ1kpLS154c86LZ3DK6YyZSmewtEKo",1081705
"AfMxhu3gkdVyjkEua8ucEkczJCLdzZTMhqEkAetLMCrg",3557872
"CthYiDvV7gTUgixPfE5Bt2cyJJ9raKGLTHpm43WTFBnm",5082379
"FskGH1wwM1xdoFZPuCszofVtArjBcorchGLsqAAzKzxR",442106
"qrLaMcyVr8qzy6szmncrWPgc8iE3cw9LxP887V3vbRT",4460933
"B9ihp4PaR23qZR1bZkgWtzU8xpzrFxpz4KReq7aPqoYP",95130
"5LDL6nqxeeVGRVLtw2vPrzNmHCaAhFYFsmH8yvN83Ek5",7382344
"H1p5Fjv3qo5RC3VT5mpEBeaWW31YMzEs26c6Qmo1zqQJ",1721318
"7VSQKvPYtbYNyYvuMa4uxcvVmhEDFvjH7N3Zw2oEuk7u",2521592
"FNmSys1DcBcrhkQQP8xD8LDx78yTDFQ44k6LUJsN8vPA",3412971
"A1h6BSecdNvJxpET2tbaHwrscU3gCSADex6gqZPY6BQA",6144099
"7GXhtgoruJx1JkFiUZFpckM6smP3xbDij4PDoNAXynku",3936405
"DXNYz3VzmFPSVoxxraEc5G23oXcpvoUfkSa626YVs5ro",2775532
"2iUrjSD3ctYA13yvLem3NDHYv5jZqBdSvPDv4oG5EKpv",6798960
"3cCaDrESw8pMDbKipud6z9wGRpeAYnaZtiD3g9QN4QqL",435541
"9xqGay6Cs3m2P13GB2SnmHJDcisEcesNrup83oiSPjKC",6459906
"42wByrdT1UyghmzJ5CtuNY3WbJtBr2qjP1f8QztCYFQQ",111670
"BKZe7ZkLcgzYVEzBTEBF3XP18VKDnxToGMPw65iUWhzw",1209453
"48DFjCoraEwMKALJpm2pANecTYQtFZ3fHHLDNMXvibzD",2377284
"8d3CnrFaddDj4mai1zZJQvMUt3jiTGU2j8vABHquqjfk",7688465
"G7TApgRVVJc5C685zhSXmJE9GGab3LbNcLdSz38MXHKS",2207183
"EG3TT2cR31zqa4r3QDtdSUejH7wLX76LSjr9SbMzBncJ",7426994
"EbaqGfDesCxd1buFqmkqzE9XhppzCvotJrEzrxJQoXwR",2686171
"J7KSSaiLbuHrSgFbzgnN3S62zrdbzQrNNUMhR8XZJCFs",2741781
"FTV7XKcJte8rxNrK3JLuJJcBbwAV44qNuEPgSU2TiYhB",9702856
"F85yPafeqiCo5yKDKwFCH7ufUTJ63MknYukAQHvVxLf8",8929493
"QeKiDXHtPMmKUGE1oWP27auLGDyhJSnZfVrjSE2vf1g",5599469
"9a3CV25ZKRgKRCp6B4LCP5rV5H9ZoYauhXLB9p9v1cWg",1092029
"DfPgJxSmcLx1xrijRZmmwizHZsnfAavgdrGnxRgUbeYp",4060983
"GQ7ofxAptfpm4VizbUq2T3wcMG52MHQqJs2v3HwmuULH",6321551
"5BXD9WsoRudqwTot6DT8kiG8rnSWyoy4p7X9LPcT9q1H",1253273
"FGxLEc3cFLLQwvTDBBptLWBNiwAoLs9wKJKtmC4eLTxg",666737
"C2PhP8obUSxBvB7KzbFqT3Ag3wctqvXXPzCRNg2uh46d",926444
"3aFCCF5TqSCat2qhpdB4GFiPtcubAwitgThASXR9kjTU",6191782
"4K1DTBR7QWg4Rj8ELuBbj9YcKG4qDoAFbAeaY5FSjKjj",5222395
"6zSXRUME9dQ6R1JDfPBNStKMPVqv35mNkoDDnGtTzfso",4606637
"CRABFHDaGJU11wJU1AtzqL8ybZBPheY5cikATYgX9xMA",5059276
"6NuWBsv1x2WSmL3Dtqh31r9aCMfLzG39yJXUqt43eRWf",665924
"BtiG6jYbnpZDJTEwHTbepmViAwf9wjqbShPG9wF1ZD1",7717676
"BGLbw8jwFaANJT8C7VH4NSfmp1uNHTdCyu2qAz22Y7rr",6219816
"GDfkCDjSUvMXYMBj6cFp7fWr5WwukZdMoQKvpaFp6VrK",601722
"GPyoRcC6WnVHHwh2UXzPUBrhha2nHJgCW2cGmam7Gz6B",7073882
"9xY1tJH4HBSJokEPQsMBJqnKJWykPLXZHLoh2BXMJqhc",4632270
"5ooxp9gUhTMhHYcq82uqKtdPNP7B2rRCeTynDwRvth3q",6602688
"FnkgynTnbZpvS9NqA45ib2xFWLXNCrQ641pDZ5yJn25r",1204021
"HHau7xGxBvszWTo36QY8dTDnDtG85KeY6tF2nSbq7cHQ",5935311
"BuYtX5FEQKPQKRuL8HD2N55pK4CkJ1jPTjtuwDAVHyCN",5588034
"8RnqArbDXGZ2opa8QYFALfKwTCuGSQkS1rPzwKhA7amu",451912
"GDVL5X3XaVsenqq14c5G1tBX898ZgeUXF9vWrjpS4Whp",3522142
"k3WjhYeCHtrrUgdZJnRQEo1rFFgT2ChBKfgrLuFhm46",2537863
"hYVtXYAg2eD1rVwV91q2Q8ycWLCyW1EFegvVnejzXJJ",6729517
"9v6VDAqYgcbruXTshB2rTaGAgPt37kE9EhDYwcpmccE",3771173
"2GH1AKDdTW1VBAbpc8g8QUb9WrjXDYJ8qDLq1BGjkPS9",2651655
"Dn4dXV4rqw6FvSDaudAL3QUSkrrqjKV8ZHmnHfNacv5V",1955176
"2Lz1wK5zZFQm4S8oGq44gnNZD1Hck7FKQSj3MumBsMo4",1979466
"6WhZaHBdz8TDGxQqm8VRxou66Y8L1eKUCgPypf8HYDZU",2093688
"7pdt19d4hFu85SDVxAu5B7KabYVGe2PTJejjVJ5q8TkT",1197282
"8FaC37G8pWX9mXQaYVjHT1tMc1q5UQm84DwKTfXqVXj6",1251901
"2wjELNbTzhwpSiRnh3QK7em5euEcbZtBBzUnBLpaBgXz",6666599
"6zADr6JN5RWsyJzMEud8wHRaW7Bsek8RSCSoRvZEwfJk",50333
"AqPZKfeRq2KkYxHpFXbyshAnvrYHiAqRgme41abNEsuV",8406866
"7eZDv8LZKc6D6m9LJNBL3LcNaPshviBNbkJGckJAdUDW",7800263
"pTxtMDQ5iqhR1eaezoHyBrkudjxivzMxhLtM3nAwzLy",6664220
"AfvDumP4VQTAn7VxH2CDy1MSWyqHS9qVCpCgG2HzH83s",8376032
"2c9B3h4cYFckSY2ZfTdNtkrxDy1ZJGgfmC3jx7QiSoQG",8208528
"28sKcqp1baHcZuTW79tBzHeekj7m91S8WrtqQ2tdgo2R",3588722
"2SqfnoTnetRZz9KcQQ7sFfezxZVVLqL47t1KminKbLqJ",2571307
"5F7yaEHP2fiqpcZ4s1M8CZdVcU7kP3vhUWC5U1TKS7EJ",2084813
"22STYer8J6ayWuXgqKwyuZYdp2F2bAXfuPEsH8HL69DG",9950148
"4JDSpSiHZSxLNuqDyELbwxfVZe7ac3gCjdw4afR7Aoxb",5493067
"DaviEdBDvqGMgwFPLN6yGM5xcfvvzrWW9d882Y4hzrw5",8359754
"FeKChaJHWNvMRykKEGCxxzPTLeVx9hDbQY5RQEKUWNKQ",5713543
"CtUhcErN9mb3vFN7zYX4ReUX1J86Tnsa9x6WXTKhbsXk",9763221